This is pdfTeX, Version 3.141592653-2.6-1.40.28 (MiKTeX 25.12) (preloaded format=pdflatex 2026.6.6)  9 JUN 2026 00:43
entering extended mode
 restricted \write18 enabled.
 %&-line parsing enabled.
**./main.tex
(main.tex
LaTeX2e <2025-11-01>
L3 programming layer <2025-12-24>
(D:\Ali\Extra Jobs\MikTex\tex/latex/base\report.cls
Document Class: report 2025/01/22 v1.4n Standard LaTeX document class
(D:\Ali\Extra Jobs\MikTex\tex/latex/base\size12.clo
File: size12.clo 2025/01/22 v1.4n Standard LaTeX file (size option)
)
\c@part=\count275
\c@chapter=\count276
\c@section=\count277
\c@subsection=\count278
\c@subsubsection=\count279
\c@paragraph=\count280
\c@subparagraph=\count281
\c@figure=\count282
\c@table=\count283
\abovecaptionskip=\skip49
\belowcaptionskip=\skip50
\bibindent=\dimen148
)
(D:\Ali\Extra Jobs\MikTex\tex/latex/geometry\geometry.sty
Package: geometry 2026/03/07 v6.0 Page Geometry

(D:\Ali\Extra Jobs\MikTex\tex/latex/graphics\keyval.sty
Package: keyval 2022/05/29 v1.15 key=value parser (DPC)
\KV@toks@=\toks17
)
(D:\Ali\Extra Jobs\MikTex\tex/generic/iftex\ifvtex.sty
Package: ifvtex 2019/10/25 v1.7 ifvtex legacy package. Use iftex instead.

(D:\Ali\Extra Jobs\MikTex\tex/generic/iftex\iftex.sty
Package: iftex 2024/12/12 v1.0g TeX engine tests
))
\Gm@cnth=\count284
\Gm@cntv=\count285
\c@Gm@tempcnt=\count286
\Gm@bindingoffset=\dimen149
\Gm@wd@mp=\dimen150
\Gm@odd@mp=\dimen151
\Gm@even@mp=\dimen152
\Gm@layoutwidth=\dimen153
\Gm@layoutheight=\dimen154
\Gm@layouthoffset=\dimen155
\Gm@layoutvoffset=\dimen156
\Gm@dimlist=\toks18

(D:\Ali\Extra Jobs\MikTex\tex/latex/geometry\geometry.cfg))
(D:\Ali\Extra Jobs\MikTex\tex/latex/base\inputenc.sty
Package: inputenc 2024/02/08 v1.3d Input encoding file
\inpenc@prehook=\toks19
\inpenc@posthook=\toks20
)
(D:\Ali\Extra Jobs\MikTex\tex/latex/base\fontenc.sty
Package: fontenc 2025/07/18 v2.1d Standard LaTeX package
)
(D:\Ali\Extra Jobs\MikTex\tex/latex/graphics\graphicx.sty
Package: graphicx 2024/12/31 v1.2e Enhanced LaTeX Graphics (DPC,SPQR)

(D:\Ali\Extra Jobs\MikTex\tex/latex/graphics\graphics.sty
Package: graphics 2024/08/06 v1.4g Standard LaTeX Graphics (DPC,SPQR)

(D:\Ali\Extra Jobs\MikTex\tex/latex/graphics\trig.sty
Package: trig 2023/12/02 v1.11 sin cos tan (DPC)
)
(D:\Ali\Extra Jobs\MikTex\tex/latex/graphics-cfg\graphics.cfg
File: graphics.cfg 2016/06/04 v1.11 sample graphics configuration
)
Package graphics Info: Driver file: pdftex.def on input line 106.

(D:\Ali\Extra Jobs\MikTex\tex/latex/graphics-def\pdftex.def
File: pdftex.def 2025/09/29 v1.2d Graphics/color driver for pdftex
))
\Gin@req@height=\dimen157
\Gin@req@width=\dimen158
)
(D:\Ali\Extra Jobs\MikTex\tex/latex/booktabs\booktabs.sty
Package: booktabs 2020/01/12 v1.61803398 Publication quality tables
\heavyrulewidth=\dimen159
\lightrulewidth=\dimen160
\cmidrulewidth=\dimen161
\belowrulesep=\dimen162
\belowbottomsep=\dimen163
\aboverulesep=\dimen164
\abovetopsep=\dimen165
\cmidrulesep=\dimen166
\cmidrulekern=\dimen167
\defaultaddspace=\dimen168
\@cmidla=\count287
\@cmidlb=\count288
\@aboverulesep=\dimen169
\@belowrulesep=\dimen170
\@thisruleclass=\count289
\@lastruleclass=\count290
\@thisrulewidth=\dimen171
)
(D:\Ali\Extra Jobs\MikTex\tex/latex/tools\longtable.sty
Package: longtable 2025-10-13 v4.24 Multi-page Table package (DPC)
\LTleft=\skip51
\LTright=\skip52
\LTpre=\skip53
\LTpost=\skip54
\LTchunksize=\count291
\LTcapwidth=\dimen172
\LT@head=\box53
\LT@firsthead=\box54
\LT@foot=\box55
\LT@lastfoot=\box56
\LT@gbox=\box57
\LT@cols=\count292
\LT@rows=\count293
\c@LT@tables=\count294
\c@LT@chunks=\count295
\LT@p@ftn=\toks21
)
(D:\Ali\Extra Jobs\MikTex\tex/latex/tools\array.sty
Package: array 2025/09/25 v2.6n Tabular extension package (FMi)
\col@sep=\dimen173
\ar@mcellbox=\box58
\extrarowheight=\dimen174
\NC@list=\toks22
\extratabsurround=\skip55
\backup@length=\skip56
\ar@cellbox=\box59
)
(D:\Ali\Extra Jobs\MikTex\tex/latex/hyperref\hyperref.sty
Package: hyperref 2025-07-12 v7.01o Hypertext links for LaTeX

(D:\Ali\Extra Jobs\MikTex\tex/latex/kvsetkeys\kvsetkeys.sty
Package: kvsetkeys 2022-10-05 v1.19 Key value parser (HO)
)
(D:\Ali\Extra Jobs\MikTex\tex/generic/kvdefinekeys\kvdefinekeys.sty
Package: kvdefinekeys 2019-12-19 v1.6 Define keys (HO)
)
(D:\Ali\Extra Jobs\MikTex\tex/generic/pdfescape\pdfescape.sty
Package: pdfescape 2019/12/09 v1.15 Implements pdfTeX's escape features (HO)

(D:\Ali\Extra Jobs\MikTex\tex/generic/ltxcmds\ltxcmds.sty
Package: ltxcmds 2023-12-04 v1.26 LaTeX kernel commands for general use (HO)
)
(D:\Ali\Extra Jobs\MikTex\tex/generic/pdftexcmds\pdftexcmds.sty
Package: pdftexcmds 2020-06-27 v0.33 Utility functions of pdfTeX for LuaTeX (HO
)

(D:\Ali\Extra Jobs\MikTex\tex/generic/infwarerr\infwarerr.sty
Package: infwarerr 2019/12/03 v1.5 Providing info/warning/error messages (HO)
)
Package pdftexcmds Info: \pdf@primitive is available.
Package pdftexcmds Info: \pdf@ifprimitive is available.
Package pdftexcmds Info: \pdfdraftmode found.
))
(D:\Ali\Extra Jobs\MikTex\tex/latex/hycolor\hycolor.sty
Package: hycolor 2020-01-27 v1.10 Color options for hyperref/bookmark (HO)
)
(D:\Ali\Extra Jobs\MikTex\tex/latex/hyperref\nameref.sty
Package: nameref 2025-06-21 v2.57 Cross-referencing by name of section

(D:\Ali\Extra Jobs\MikTex\tex/latex/refcount\refcount.sty
Package: refcount 2019/12/15 v3.6 Data extraction from label references (HO)
)
(D:\Ali\Extra Jobs\MikTex\tex/generic/gettitlestring\gettitlestring.sty
Package: gettitlestring 2019/12/15 v1.6 Cleanup title references (HO)

(D:\Ali\Extra Jobs\MikTex\tex/latex/kvoptions\kvoptions.sty
Package: kvoptions 2022-06-15 v3.15 Key value format for package options (HO)
))
\c@section@level=\count296
)
(D:\Ali\Extra Jobs\MikTex\tex/latex/etoolbox\etoolbox.sty
Package: etoolbox 2025/10/02 v2.5m e-TeX tools for LaTeX (JAW)
\etb@tempcnta=\count297
)
(D:\Ali\Extra Jobs\MikTex\tex/generic/stringenc\stringenc.sty
Package: stringenc 2019/11/29 v1.12 Convert strings between diff. encodings (HO
)
)
\@linkdim=\dimen175
\Hy@linkcounter=\count298
\Hy@pagecounter=\count299

(D:\Ali\Extra Jobs\MikTex\tex/latex/hyperref\pd1enc.def
File: pd1enc.def 2025-07-12 v7.01o Hyperref: PDFDocEncoding definition (HO)
Now handling font encoding PD1 ...
... no UTF-8 mapping file for font encoding PD1
)
(D:\Ali\Extra Jobs\MikTex\tex/generic/intcalc\intcalc.sty
Package: intcalc 2019/12/15 v1.3 Expandable calculations with integers (HO)
)
\Hy@SavedSpaceFactor=\count300

(D:\Ali\Extra Jobs\MikTex\tex/latex/hyperref\puenc.def
File: puenc.def 2025-07-12 v7.01o Hyperref: PDF Unicode definition (HO)
Now handling font encoding PU ...
... no UTF-8 mapping file for font encoding PU
)
Package hyperref Info: Hyper figures OFF on input line 4195.
Package hyperref Info: Link nesting OFF on input line 4200.
Package hyperref Info: Hyper index ON on input line 4203.
Package hyperref Info: Plain pages OFF on input line 4210.
Package hyperref Info: Backreferencing OFF on input line 4215.
Package hyperref Info: Implicit mode ON; LaTeX internals redefined.
Package hyperref Info: Bookmarks ON on input line 4462.
\c@Hy@tempcnt=\count301

(D:\Ali\Extra Jobs\MikTex\tex/latex/url\url.sty
\Urlmuskip=\muskip17
Package: url 2013/09/16  ver 3.4  Verb mode for urls, etc.
)
LaTeX Info: Redefining \url on input line 4801.
\XeTeXLinkMargin=\dimen176

(D:\Ali\Extra Jobs\MikTex\tex/generic/bitset\bitset.sty
Package: bitset 2019/12/09 v1.3 Handle bit-vector datatype (HO)

(D:\Ali\Extra Jobs\MikTex\tex/generic/bigintcalc\bigintcalc.sty
Package: bigintcalc 2019/12/15 v1.5 Expandable calculations on big integers (HO
)
))
\Fld@menulength=\count302
\Field@Width=\dimen177
\Fld@charsize=\dimen178
Package hyperref Info: Hyper figures OFF on input line 6078.
Package hyperref Info: Link nesting OFF on input line 6083.
Package hyperref Info: Hyper index ON on input line 6086.
Package hyperref Info: backreferencing OFF on input line 6093.
Package hyperref Info: Link coloring OFF on input line 6098.
Package hyperref Info: Link coloring with OCG OFF on input line 6103.
Package hyperref Info: PDF/A mode OFF on input line 6108.
\Hy@abspage=\count303
\c@Item=\count304
\c@Hfootnote=\count305
)
Package hyperref Info: Driver (autodetected): hpdftex.

(D:\Ali\Extra Jobs\MikTex\tex/latex/hyperref\hpdftex.def
File: hpdftex.def 2025-07-12 v7.01o Hyperref driver for pdfTeX
\Fld@listcount=\count306
\c@bookmark@seq@number=\count307

(D:\Ali\Extra Jobs\MikTex\tex/latex/rerunfilecheck\rerunfilecheck.sty
Package: rerunfilecheck 2025-06-21 v1.11 Rerun checks for auxiliary files (HO)

(D:\Ali\Extra Jobs\MikTex\tex/generic/uniquecounter\uniquecounter.sty
Package: uniquecounter 2019/12/15 v1.4 Provide unlimited unique counter (HO)
)
Package uniquecounter Info: New unique counter `rerunfilecheck' on input line 2
84.
)
\Hy@SectionHShift=\skip57
)
(D:\Ali\Extra Jobs\MikTex\tex/latex/amsmath\amsmath.sty
Package: amsmath 2025/07/09 v2.17z AMS math features
\@mathmargin=\skip58

For additional information on amsmath, use the `?' option.
(D:\Ali\Extra Jobs\MikTex\tex/latex/amsmath\amstext.sty
Package: amstext 2024/11/17 v2.01 AMS text

(D:\Ali\Extra Jobs\MikTex\tex/latex/amsmath\amsgen.sty
File: amsgen.sty 1999/11/30 v2.0 generic functions
\@emptytoks=\toks23
\ex@=\dimen179
))
(D:\Ali\Extra Jobs\MikTex\tex/latex/amsmath\amsbsy.sty
Package: amsbsy 1999/11/29 v1.2d Bold Symbols
\pmbraise@=\dimen180
)
(D:\Ali\Extra Jobs\MikTex\tex/latex/amsmath\amsopn.sty
Package: amsopn 2022/04/08 v2.04 operator names
)
\inf@bad=\count308
LaTeX Info: Redefining \frac on input line 233.
\uproot@=\count309
\leftroot@=\count310
LaTeX Info: Redefining \overline on input line 398.
LaTeX Info: Redefining \colon on input line 409.
\classnum@=\count311
\DOTSCASE@=\count312
LaTeX Info: Redefining \ldots on input line 495.
LaTeX Info: Redefining \dots on input line 498.
LaTeX Info: Redefining \cdots on input line 619.
\Mathstrutbox@=\box60
\strutbox@=\box61
LaTeX Info: Redefining \big on input line 721.
LaTeX Info: Redefining \Big on input line 722.
LaTeX Info: Redefining \bigg on input line 723.
LaTeX Info: Redefining \Bigg on input line 724.
\big@size=\dimen181
LaTeX Font Info:    Redeclaring font encoding OML on input line 742.
LaTeX Font Info:    Redeclaring font encoding OMS on input line 743.
\macc@depth=\count313
LaTeX Info: Redefining \bmod on input line 904.
LaTeX Info: Redefining \pmod on input line 909.
LaTeX Info: Redefining \smash on input line 939.
LaTeX Info: Redefining \relbar on input line 969.
LaTeX Info: Redefining \Relbar on input line 970.
\c@MaxMatrixCols=\count314
\dotsspace@=\muskip18
\c@parentequation=\count315
\dspbrk@lvl=\count316
\tag@help=\toks24
\row@=\count317
\column@=\count318
\maxfields@=\count319
\andhelp@=\toks25
\eqnshift@=\dimen182
\alignsep@=\dimen183
\tagshift@=\dimen184
\tagwidth@=\dimen185
\totwidth@=\dimen186
\lineht@=\dimen187
\@envbody=\toks26
\multlinegap=\skip59
\multlinetaggap=\skip60
\mathdisplay@stack=\toks27
LaTeX Info: Redefining \[ on input line 2950.
LaTeX Info: Redefining \] on input line 2951.
)
(D:\Ali\Extra Jobs\MikTex\tex/latex/amsfonts\amssymb.sty
Package: amssymb 2013/01/14 v3.01 AMS font symbols

(D:\Ali\Extra Jobs\MikTex\tex/latex/amsfonts\amsfonts.sty
Package: amsfonts 2013/01/14 v3.01 Basic AMSFonts support
\symAMSa=\mathgroup4
\symAMSb=\mathgroup5
LaTeX Font Info:    Redeclaring math symbol \hbar on input line 98.
LaTeX Font Info:    Overwriting math alphabet `\mathfrak' in version `bold'
(Font)                  U/euf/m/n --> U/euf/b/n on input line 106.
))
(D:\Ali\Extra Jobs\MikTex\tex/latex/enumitem\enumitem.sty
Package: enumitem 2025/02/06 v3.11 Customized lists
\labelindent=\skip61
\enit@outerparindent=\dimen188
\enit@toks=\toks28
\enit@inbox=\box62
\enit@count@id=\count320
\enitdp@description=\count321
)
(D:\Ali\Extra Jobs\MikTex\tex/latex/caption\caption.sty
Package: caption 2023/08/05 v3.6o Customizing captions (AR)

(D:\Ali\Extra Jobs\MikTex\tex/latex/caption\caption3.sty
Package: caption3 2023/07/31 v2.4d caption3 kernel (AR)
\caption@tempdima=\dimen189
\captionmargin=\dimen190
\caption@leftmargin=\dimen191
\caption@rightmargin=\dimen192
\caption@width=\dimen193
\caption@indent=\dimen194
\caption@parindent=\dimen195
\caption@hangindent=\dimen196
Package caption Info: Standard document class detected.
)
\c@caption@flags=\count322
\c@continuedfloat=\count323
Package caption Info: hyperref package is loaded.
Package caption Info: longtable package is loaded.

(D:\Ali\Extra Jobs\MikTex\tex/latex/caption\ltcaption.sty
Package: ltcaption 2021/01/08 v1.4c longtable captions (AR)
))
(D:\Ali\Extra Jobs\MikTex\tex/latex/caption\subcaption.sty
Package: subcaption 2023/07/28 v1.6b Sub-captions (AR)
Package caption Info: New subtype `subfigure' on input line 238.
\c@subfigure=\count324
Package caption Info: New subtype `subtable' on input line 238.
\c@subtable=\count325
)
(D:\Ali\Extra Jobs\MikTex\tex/latex/float\float.sty
Package: float 2001/11/08 v1.3d Float enhancements (AL)
\c@float@type=\count326
\float@exts=\toks29
\float@box=\box63
\@float@everytoks=\toks30
\@floatcapt=\box64
)
(D:\Ali\Extra Jobs\MikTex\tex/latex/xcolor\xcolor.sty
Package: xcolor 2024/09/29 v3.02 LaTeX color extensions (UK)

(D:\Ali\Extra Jobs\MikTex\tex/latex/graphics-cfg\color.cfg
File: color.cfg 2016/01/02 v1.6 sample color configuration
)
Package xcolor Info: Driver file: pdftex.def on input line 274.

(D:\Ali\Extra Jobs\MikTex\tex/latex/graphics\mathcolor.ltx)
Package xcolor Info: Model `cmy' substituted by `cmy0' on input line 1349.
Package xcolor Info: Model `hsb' substituted by `rgb' on input line 1353.
Package xcolor Info: Model `RGB' extended on input line 1365.
Package xcolor Info: Model `HTML' substituted by `rgb' on input line 1367.
Package xcolor Info: Model `Hsb' substituted by `hsb' on input line 1368.
Package xcolor Info: Model `tHsb' substituted by `hsb' on input line 1369.
Package xcolor Info: Model `HSB' substituted by `hsb' on input line 1370.
Package xcolor Info: Model `Gray' substituted by `gray' on input line 1371.
Package xcolor Info: Model `wave' substituted by `hsb' on input line 1372.
)
(D:\Ali\Extra Jobs\MikTex\tex/latex/titlesec\titlesec.sty
Package: titlesec 2025/01/04 v2.17 Sectioning titles
\ttl@box=\box65
\beforetitleunit=\skip62
\aftertitleunit=\skip63
\ttl@plus=\dimen197
\ttl@minus=\dimen198
\ttl@toksa=\toks31
\titlewidth=\dimen199
\titlewidthlast=\dimen256
\titlewidthfirst=\dimen257
)
(D:\Ali\Extra Jobs\MikTex\tex/latex/fancyhdr\fancyhdr.sty
Package: fancyhdr 2025/02/07 v5.2 Extensive control of page headers and footers

\f@nch@headwidth=\skip64
\f@nch@offset@elh=\skip65
\f@nch@offset@erh=\skip66
\f@nch@offset@olh=\skip67
\f@nch@offset@orh=\skip68
\f@nch@offset@elf=\skip69
\f@nch@offset@erf=\skip70
\f@nch@offset@olf=\skip71
\f@nch@offset@orf=\skip72
\f@nch@height=\skip73
\f@nch@footalignment=\skip74
\f@nch@widthL=\skip75
\f@nch@widthC=\skip76
\f@nch@widthR=\skip77
\@temptokenb=\toks32
)
(D:\Ali\Extra Jobs\MikTex\tex/latex/tools\tabularx.sty
Package: tabularx 2023/12/11 v2.12a `tabularx' package (DPC)
\TX@col@width=\dimen258
\TX@old@table=\dimen259
\TX@old@col=\dimen260
\TX@target=\dimen261
\TX@delta=\dimen262
\TX@cols=\count327
\TX@ftn=\toks33
)
(D:\Ali\Extra Jobs\MikTex\tex/latex/adjustbox\adjustbox.sty
Package: adjustbox 2025/02/26 v1.3c Adjusting TeX boxes (trim, clip, ...)

(D:\Ali\Extra Jobs\MikTex\tex/latex/xkeyval\xkeyval.sty
Package: xkeyval 2022/06/16 v2.9 package option processing (HA)

(D:\Ali\Extra Jobs\MikTex\tex/generic/xkeyval\xkeyval.tex
(D:\Ali\Extra Jobs\MikTex\tex/generic/xkeyval\xkvutils.tex
\XKV@toks=\toks34
\XKV@tempa@toks=\toks35
)
\XKV@depth=\count328
File: xkeyval.tex 2014/12/03 v2.7a key=value parser (HA)
))
(D:\Ali\Extra Jobs\MikTex\tex/latex/adjustbox\adjcalc.sty
Package: adjcalc 2012/05/16 v1.1 Provides advanced setlength with multiple back
-ends (calc, etex, pgfmath)
)
(D:\Ali\Extra Jobs\MikTex\tex/latex/adjustbox\trimclip.sty
Package: trimclip 2025/02/21 v1.2a Trim and clip general TeX material

(D:\Ali\Extra Jobs\MikTex\tex/latex/collectbox\collectbox.sty
Package: collectbox 2022/10/17 v0.4c Collect macro arguments as boxes
\collectedbox=\box66
)
\tc@llx=\dimen263
\tc@lly=\dimen264
\tc@urx=\dimen265
\tc@ury=\dimen266
Package trimclip Info: Using driver 'tc-pdftex.def'.

(D:\Ali\Extra Jobs\MikTex\tex/latex/adjustbox\tc-pdftex.def
File: tc-pdftex.def 2025/02/26 v2.3 Clipping driver for pdftex
))
\adjbox@Width=\dimen267
\adjbox@Height=\dimen268
\adjbox@Depth=\dimen269
\adjbox@Totalheight=\dimen270
\adjbox@pwidth=\dimen271
\adjbox@pheight=\dimen272
\adjbox@pdepth=\dimen273
\adjbox@ptotalheight=\dimen274

(D:\Ali\Extra Jobs\MikTex\tex/latex/ifoddpage\ifoddpage.sty
Package: ifoddpage 2022/10/18 v1.2 Conditionals for odd/even page detection
\c@checkoddpage=\count329
)
(D:\Ali\Extra Jobs\MikTex\tex/latex/varwidth\varwidth.sty
Package: varwidth 2009/03/30 ver 0.92;  Variable-width minipages
\@vwid@box=\box67
\sift@deathcycles=\count330
\@vwid@loff=\dimen275
\@vwid@roff=\dimen276
)
==> First Aid for varwidth.sty applied!
) (D:\Ali\Extra Jobs\MikTex\tex/latex/makecell\makecell.sty
Package: makecell 2009/08/03 V0.1e Managing of Tab Column Heads and Cells
\rotheadsize=\dimen277
\c@nlinenum=\count331
\TeXr@lab=\toks36
)
(D:\Ali\Extra Jobs\MikTex\tex/latex/multirow\multirow.sty
Package: multirow 2024/11/12 v2.9 Span multiple rows of a table
\multirow@colwidth=\skip78
\multirow@cntb=\count332
\multirow@dima=\skip79
\bigstrutjot=\dimen278
)
(D:\Ali\Extra Jobs\MikTex\tex/latex/colortbl\colortbl.sty
Package: colortbl 2026/05/01 v1.0l Color table columns (DPC)
\everycr=\toks37
\minrowclearance=\skip80
\rownum=\count333
)
(D:\Ali\Extra Jobs\MikTex\tex/latex/pdflscape\pdflscape.sty
Package: pdflscape 2022-10-27 v0.13 Display of landscape pages in PDF

(D:\Ali\Extra Jobs\MikTex\tex/latex/pdflscape\pdflscape-nometadata.sty
Package: pdflscape-nometadata 2022-10-28 v0.13 Display of landscape pages in PD
F (HO)

(D:\Ali\Extra Jobs\MikTex\tex/latex/graphics\lscape.sty
Package: lscape 2020/05/28 v3.02 Landscape Pages (DPC)
)
Package pdflscape Info: Auto-detected driver: pdftex on input line 81.
))
(D:\Ali\Extra Jobs\MikTex\tex/latex/tools\afterpage.sty
Package: afterpage 2023/07/04 v1.08 After-Page Package (DPC)
\AP@output=\toks38
\AP@partial=\box68
\AP@footins=\box69
)
(D:\Ali\Extra Jobs\MikTex\tex/latex/ragged2e\ragged2e.sty
Package: ragged2e 2023/06/22 v3.6 ragged2e Package
\CenteringLeftskip=\skip81
\RaggedLeftLeftskip=\skip82
\RaggedRightLeftskip=\skip83
\CenteringRightskip=\skip84
\RaggedLeftRightskip=\skip85
\RaggedRightRightskip=\skip86
\CenteringParfillskip=\skip87
\RaggedLeftParfillskip=\skip88
\RaggedRightParfillskip=\skip89
\JustifyingParfillskip=\skip90
\CenteringParindent=\skip91
\RaggedLeftParindent=\skip92
\RaggedRightParindent=\skip93
\JustifyingParindent=\skip94
)
(D:\Ali\Extra Jobs\MikTex\tex/latex/algorithms\algorithm.sty
Package: algorithm 2009/08/24 v0.1 Document Style `algorithm' - floating enviro
nment

(D:\Ali\Extra Jobs\MikTex\tex/latex/base\ifthen.sty
Package: ifthen 2024/03/16 v1.1e Standard LaTeX ifthen package (DPC)
)
\@float@every@algorithm=\toks39
\c@algorithm=\count334
)
(D:\Ali\Extra Jobs\MikTex\tex/latex/algorithms\algorithmic.sty
Package: algorithmic 2009/08/24 v0.1 Document Style `algorithmic'
\c@ALC@unique=\count335
\c@ALC@line=\count336
\c@ALC@rem=\count337
\c@ALC@depth=\count338
\ALC@tlm=\skip95
\algorithmicindent=\skip96
)
(D:\Ali\Extra Jobs\MikTex\tex/latex/pgf/frontendlayer\tikz.sty
(D:\Ali\Extra Jobs\MikTex\tex/latex/pgf/basiclayer\pgf.sty
(D:\Ali\Extra Jobs\MikTex\tex/latex/pgf/utilities\pgfrcs.sty
(D:\Ali\Extra Jobs\MikTex\tex/generic/pgf/utilities\pgfutil-common.tex
\pgfutil@everybye=\toks40
\pgfutil@tempdima=\dimen279
\pgfutil@tempdimb=\dimen280
)
(D:\Ali\Extra Jobs\MikTex\tex/generic/pgf/utilities\pgfutil-latex.def
\pgfutil@abb=\box70
)
(D:\Ali\Extra Jobs\MikTex\tex/generic/pgf/utilities\pgfrcs.code.tex
(D:\Ali\Extra Jobs\MikTex\tex/generic/pgf\pgf.revision.tex)
Package: pgfrcs 2025-08-29 v3.1.11a (3.1.11a)
))
Package: pgf 2025-08-29 v3.1.11a (3.1.11a)

(D:\Ali\Extra Jobs\MikTex\tex/latex/pgf/basiclayer\pgfcore.sty
(D:\Ali\Extra Jobs\MikTex\tex/latex/pgf/systemlayer\pgfsys.sty
(D:\Ali\Extra Jobs\MikTex\tex/generic/pgf/systemlayer\pgfsys.code.tex
Package: pgfsys 2025-08-29 v3.1.11a (3.1.11a)

(D:\Ali\Extra Jobs\MikTex\tex/generic/pgf/utilities\pgfkeys.code.tex
\pgfkeys@pathtoks=\toks41
\pgfkeys@temptoks=\toks42

(D:\Ali\Extra Jobs\MikTex\tex/generic/pgf/utilities\pgfkeyslibraryfiltered.code
.tex
\pgfkeys@tmptoks=\toks43
))
\pgf@x=\dimen281
\pgf@y=\dimen282
\pgf@xa=\dimen283
\pgf@ya=\dimen284
\pgf@xb=\dimen285
\pgf@yb=\dimen286
\pgf@xc=\dimen287
\pgf@yc=\dimen288
\pgf@xd=\dimen289
\pgf@yd=\dimen290
\w@pgf@writea=\write3
\r@pgf@reada=\read2
\c@pgf@counta=\count339
\c@pgf@countb=\count340
\c@pgf@countc=\count341
\c@pgf@countd=\count342
\t@pgf@toka=\toks44
\t@pgf@tokb=\toks45
\t@pgf@tokc=\toks46
\pgf@sys@id@count=\count343
 (D:\Ali\Extra Jobs\MikTex\tex/generic/pgf/systemlayer\pgf.cfg
File: pgf.cfg 2025-08-29 v3.1.11a (3.1.11a)
)
Driver file for pgf: pgfsys-pdftex.def

(D:\Ali\Extra Jobs\MikTex\tex/generic/pgf/systemlayer\pgfsys-pdftex.def
File: pgfsys-pdftex.def 2025-08-29 v3.1.11a (3.1.11a)

(D:\Ali\Extra Jobs\MikTex\tex/generic/pgf/systemlayer\pgfsys-common-pdf.def
File: pgfsys-common-pdf.def 2025-08-29 v3.1.11a (3.1.11a)
)))
(D:\Ali\Extra Jobs\MikTex\tex/generic/pgf/systemlayer\pgfsyssoftpath.code.tex
File: pgfsyssoftpath.code.tex 2025-08-29 v3.1.11a (3.1.11a)
\pgfsyssoftpath@smallbuffer@items=\count344
\pgfsyssoftpath@bigbuffer@items=\count345
)
(D:\Ali\Extra Jobs\MikTex\tex/generic/pgf/systemlayer\pgfsysprotocol.code.tex
File: pgfsysprotocol.code.tex 2025-08-29 v3.1.11a (3.1.11a)
)) (D:\Ali\Extra Jobs\MikTex\tex/generic/pgf/basiclayer\pgfcore.code.tex
Package: pgfcore 2025-08-29 v3.1.11a (3.1.11a)

(D:\Ali\Extra Jobs\MikTex\tex/generic/pgf/math\pgfmath.code.tex
(D:\Ali\Extra Jobs\MikTex\tex/generic/pgf/math\pgfmathutil.code.tex)
(D:\Ali\Extra Jobs\MikTex\tex/generic/pgf/math\pgfmathparser.code.tex
\pgfmath@dimen=\dimen291
\pgfmath@count=\count346
\pgfmath@box=\box71
\pgfmath@toks=\toks47
\pgfmath@stack@operand=\toks48
\pgfmath@stack@operation=\toks49
)
(D:\Ali\Extra Jobs\MikTex\tex/generic/pgf/math\pgfmathfunctions.code.tex)
(D:\Ali\Extra Jobs\MikTex\tex/generic/pgf/math\pgfmathfunctions.basic.code.tex)

(D:\Ali\Extra Jobs\MikTex\tex/generic/pgf/math\pgfmathfunctions.trigonometric.c
ode.tex)
(D:\Ali\Extra Jobs\MikTex\tex/generic/pgf/math\pgfmathfunctions.random.code.tex
)
(D:\Ali\Extra Jobs\MikTex\tex/generic/pgf/math\pgfmathfunctions.comparison.code
.tex)
(D:\Ali\Extra Jobs\MikTex\tex/generic/pgf/math\pgfmathfunctions.base.code.tex)
(D:\Ali\Extra Jobs\MikTex\tex/generic/pgf/math\pgfmathfunctions.round.code.tex)
(D:\Ali\Extra Jobs\MikTex\tex/generic/pgf/math\pgfmathfunctions.misc.code.tex)
(D:\Ali\Extra Jobs\MikTex\tex/generic/pgf/math\pgfmathfunctions.integerarithmet
ics.code.tex)
(D:\Ali\Extra Jobs\MikTex\tex/generic/pgf/math\pgfmathcalc.code.tex)
(D:\Ali\Extra Jobs\MikTex\tex/generic/pgf/math\pgfmathfloat.code.tex
\c@pgfmathroundto@lastzeros=\count347
))
(D:\Ali\Extra Jobs\MikTex\tex/generic/pgf/math\pgfint.code.tex)
(D:\Ali\Extra Jobs\MikTex\tex/generic/pgf/basiclayer\pgfcorepoints.code.tex
File: pgfcorepoints.code.tex 2025-08-29 v3.1.11a (3.1.11a)
\pgf@picminx=\dimen292
\pgf@picmaxx=\dimen293
\pgf@picminy=\dimen294
\pgf@picmaxy=\dimen295
\pgf@pathminx=\dimen296
\pgf@pathmaxx=\dimen297
\pgf@pathminy=\dimen298
\pgf@pathmaxy=\dimen299
\pgf@xx=\dimen300
\pgf@xy=\dimen301
\pgf@yx=\dimen302
\pgf@yy=\dimen303
\pgf@zx=\dimen304
\pgf@zy=\dimen305
)
(D:\Ali\Extra Jobs\MikTex\tex/generic/pgf/basiclayer\pgfcorepathconstruct.code.
tex
File: pgfcorepathconstruct.code.tex 2025-08-29 v3.1.11a (3.1.11a)
\pgf@path@lastx=\dimen306
\pgf@path@lasty=\dimen307
)
(D:\Ali\Extra Jobs\MikTex\tex/generic/pgf/basiclayer\pgfcorepathusage.code.tex
File: pgfcorepathusage.code.tex 2025-08-29 v3.1.11a (3.1.11a)
\pgf@shorten@end@additional=\dimen308
\pgf@shorten@start@additional=\dimen309
) (D:\Ali\Extra Jobs\MikTex\tex/generic/pgf/basiclayer\pgfcorescopes.code.tex
File: pgfcorescopes.code.tex 2025-08-29 v3.1.11a (3.1.11a)
\pgfpic=\box72
\pgf@hbox=\box73
\pgf@layerbox@main=\box74
\pgf@picture@serial@count=\count348
)
(D:\Ali\Extra Jobs\MikTex\tex/generic/pgf/basiclayer\pgfcoregraphicstate.code.t
ex
File: pgfcoregraphicstate.code.tex 2025-08-29 v3.1.11a (3.1.11a)
\pgflinewidth=\dimen310
)
(D:\Ali\Extra Jobs\MikTex\tex/generic/pgf/basiclayer\pgfcoretransformations.cod
e.tex
File: pgfcoretransformations.code.tex 2025-08-29 v3.1.11a (3.1.11a)
\pgf@pt@x=\dimen311
\pgf@pt@y=\dimen312
\pgf@pt@temp=\dimen313
)
(D:\Ali\Extra Jobs\MikTex\tex/generic/pgf/basiclayer\pgfcorequick.code.tex
File: pgfcorequick.code.tex 2025-08-29 v3.1.11a (3.1.11a)
)
(D:\Ali\Extra Jobs\MikTex\tex/generic/pgf/basiclayer\pgfcoreobjects.code.tex
File: pgfcoreobjects.code.tex 2025-08-29 v3.1.11a (3.1.11a)
)
(D:\Ali\Extra Jobs\MikTex\tex/generic/pgf/basiclayer\pgfcorepathprocessing.code
.tex
File: pgfcorepathprocessing.code.tex 2025-08-29 v3.1.11a (3.1.11a)
)
(D:\Ali\Extra Jobs\MikTex\tex/generic/pgf/basiclayer\pgfcorearrows.code.tex
File: pgfcorearrows.code.tex 2025-08-29 v3.1.11a (3.1.11a)
\pgfarrowsep=\dimen314
)
(D:\Ali\Extra Jobs\MikTex\tex/generic/pgf/basiclayer\pgfcoreshade.code.tex
File: pgfcoreshade.code.tex 2025-08-29 v3.1.11a (3.1.11a)
\pgf@max=\dimen315
\pgf@sys@shading@range@num=\count349
\pgf@shadingcount=\count350
)
(D:\Ali\Extra Jobs\MikTex\tex/generic/pgf/basiclayer\pgfcoreimage.code.tex
File: pgfcoreimage.code.tex 2025-08-29 v3.1.11a (3.1.11a)
)
(D:\Ali\Extra Jobs\MikTex\tex/generic/pgf/basiclayer\pgfcoreexternal.code.tex
File: pgfcoreexternal.code.tex 2025-08-29 v3.1.11a (3.1.11a)
\pgfexternal@startupbox=\box75
)
(D:\Ali\Extra Jobs\MikTex\tex/generic/pgf/basiclayer\pgfcorelayers.code.tex
File: pgfcorelayers.code.tex 2025-08-29 v3.1.11a (3.1.11a)
)
(D:\Ali\Extra Jobs\MikTex\tex/generic/pgf/basiclayer\pgfcoretransparency.code.t
ex
File: pgfcoretransparency.code.tex 2025-08-29 v3.1.11a (3.1.11a)
)
(D:\Ali\Extra Jobs\MikTex\tex/generic/pgf/basiclayer\pgfcorepatterns.code.tex
File: pgfcorepatterns.code.tex 2025-08-29 v3.1.11a (3.1.11a)
)
(D:\Ali\Extra Jobs\MikTex\tex/generic/pgf/basiclayer\pgfcorerdf.code.tex
File: pgfcorerdf.code.tex 2025-08-29 v3.1.11a (3.1.11a)
)))
(D:\Ali\Extra Jobs\MikTex\tex/generic/pgf/modules\pgfmoduleshapes.code.tex
File: pgfmoduleshapes.code.tex 2025-08-29 v3.1.11a (3.1.11a)
\pgfnodeparttextbox=\box76
)
(D:\Ali\Extra Jobs\MikTex\tex/generic/pgf/modules\pgfmoduleplot.code.tex
File: pgfmoduleplot.code.tex 2025-08-29 v3.1.11a (3.1.11a)
)
(D:\Ali\Extra Jobs\MikTex\tex/latex/pgf/compatibility\pgfcomp-version-0-65.sty
Package: pgfcomp-version-0-65 2025-08-29 v3.1.11a (3.1.11a)
\pgf@nodesepstart=\dimen316
\pgf@nodesepend=\dimen317
) (D:\Ali\Extra Jobs\MikTex\tex/latex/pgf/compatibility\pgfcomp-version-1-18.st
y
Package: pgfcomp-version-1-18 2025-08-29 v3.1.11a (3.1.11a)
)) (D:\Ali\Extra Jobs\MikTex\tex/latex/pgf/utilities\pgffor.sty
(D:\Ali\Extra Jobs\MikTex\tex/latex/pgf/utilities\pgfkeys.sty
(D:\Ali\Extra Jobs\MikTex\tex/generic/pgf/utilities\pgfkeys.code.tex))
(D:\Ali\Extra Jobs\MikTex\tex/latex/pgf/math\pgfmath.sty
(D:\Ali\Extra Jobs\MikTex\tex/generic/pgf/math\pgfmath.code.tex))
(D:\Ali\Extra Jobs\MikTex\tex/generic/pgf/utilities\pgffor.code.tex
Package: pgffor 2025-08-29 v3.1.11a (3.1.11a)
\pgffor@iter=\dimen318
\pgffor@skip=\dimen319
\pgffor@stack=\toks50
\pgffor@toks=\toks51
))
(D:\Ali\Extra Jobs\MikTex\tex/generic/pgf/frontendlayer/tikz\tikz.code.tex
Package: tikz 2025-08-29 v3.1.11a (3.1.11a)

(D:\Ali\Extra Jobs\MikTex\tex/generic/pgf/libraries\pgflibraryplothandlers.code
.tex
File: pgflibraryplothandlers.code.tex 2025-08-29 v3.1.11a (3.1.11a)
\pgf@plot@mark@count=\count351
\pgfplotmarksize=\dimen320
)
\tikz@lastx=\dimen321
\tikz@lasty=\dimen322
\tikz@lastxsaved=\dimen323
\tikz@lastysaved=\dimen324
\tikz@lastmovetox=\dimen325
\tikz@lastmovetoy=\dimen326
\tikzleveldistance=\dimen327
\tikzsiblingdistance=\dimen328
\tikz@figbox=\box77
\tikz@figbox@bg=\box78
\tikz@tempbox=\box79
\tikz@tempbox@bg=\box80
\tikztreelevel=\count352
\tikznumberofchildren=\count353
\tikznumberofcurrentchild=\count354
\tikz@fig@count=\count355

(D:\Ali\Extra Jobs\MikTex\tex/generic/pgf/modules\pgfmodulematrix.code.tex
File: pgfmodulematrix.code.tex 2025-08-29 v3.1.11a (3.1.11a)
\pgfmatrixcurrentrow=\count356
\pgfmatrixcurrentcolumn=\count357
\pgf@matrix@numberofcolumns=\count358
)
\tikz@expandcount=\count359

(D:\Ali\Extra Jobs\MikTex\tex/generic/pgf/frontendlayer/tikz/libraries\tikzlibr
arytopaths.code.tex
File: tikzlibrarytopaths.code.tex 2025-08-29 v3.1.11a (3.1.11a)
)))
(D:\Ali\Extra Jobs\MikTex\tex/generic/pgf/libraries\pgflibraryarrows.meta.code.
tex
File: pgflibraryarrows.meta.code.tex 2025-08-29 v3.1.11a (3.1.11a)
\pgfarrowinset=\dimen329
\pgfarrowlength=\dimen330
\pgfarrowwidth=\dimen331
\pgfarrowlinewidth=\dimen332
)
(D:\Ali\Extra Jobs\MikTex\tex/generic/pgf/frontendlayer/tikz/libraries\tikzlibr
arypositioning.code.tex
File: tikzlibrarypositioning.code.tex 2025-08-29 v3.1.11a (3.1.11a)
)
(D:\Ali\Extra Jobs\MikTex\tex/generic/pgf/frontendlayer/tikz/libraries\tikzlibr
arycalc.code.tex
File: tikzlibrarycalc.code.tex 2025-08-29 v3.1.11a (3.1.11a)
)
(D:\Ali\Extra Jobs\MikTex\tex/generic/pgf/frontendlayer/tikz/libraries\tikzlibr
aryshapes.geometric.code.tex
File: tikzlibraryshapes.geometric.code.tex 2025-08-29 v3.1.11a (3.1.11a)

(D:\Ali\Extra Jobs\MikTex\tex/generic/pgf/libraries/shapes\pgflibraryshapes.geo
metric.code.tex
File: pgflibraryshapes.geometric.code.tex 2025-08-29 v3.1.11a (3.1.11a)
))
(D:\Ali\Extra Jobs\MikTex\tex/generic/pgf/frontendlayer/tikz/libraries\tikzlibr
aryfit.code.tex
File: tikzlibraryfit.code.tex 2025-08-29 v3.1.11a (3.1.11a)
)
(D:\Ali\Extra Jobs\MikTex\tex/generic/pgf/frontendlayer/tikz/libraries\tikzlibr
arydecorations.pathreplacing.code.tex
(D:\Ali\Extra Jobs\MikTex\tex/generic/pgf/frontendlayer/tikz/libraries\tikzlibr
arydecorations.code.tex
(D:\Ali\Extra Jobs\MikTex\tex/generic/pgf/modules\pgfmoduledecorations.code.tex
\pgfdecoratedcompleteddistance=\dimen333
\pgfdecoratedremainingdistance=\dimen334
\pgfdecoratedinputsegmentcompleteddistance=\dimen335
\pgfdecoratedinputsegmentremainingdistance=\dimen336
\pgf@decorate@distancetomove=\dimen337
\pgf@decorate@repeatstate=\count360
\pgfdecorationsegmentamplitude=\dimen338
\pgfdecorationsegmentlength=\dimen339
)
\tikz@lib@dec@box=\box81
)
(D:\Ali\Extra Jobs\MikTex\tex/generic/pgf/libraries/decorations\pgflibrarydecor
ations.pathreplacing.code.tex))
(D:\Ali\Extra Jobs\MikTex\tex/generic/pgf/frontendlayer/tikz/libraries\tikzlibr
arybackgrounds.code.tex
File: tikzlibrarybackgrounds.code.tex 2025-08-29 v3.1.11a (3.1.11a)
\pgf@layerbox@background=\box82
\pgf@layerboxsaved@background=\box83
)
(D:\Ali\Extra Jobs\MikTex\tex/generic/pgf/frontendlayer/tikz/libraries\tikzlibr
arypatterns.code.tex
File: tikzlibrarypatterns.code.tex 2025-08-29 v3.1.11a (3.1.11a)

(D:\Ali\Extra Jobs\MikTex\tex/generic/pgf/libraries\pgflibrarypatterns.code.tex
File: pgflibrarypatterns.code.tex 2025-08-29 v3.1.11a (3.1.11a)
)) (D:\Ali\Extra Jobs\MikTex\tex/latex/biblatex\biblatex.sty
Package: biblatex 2025/07/10 v3.21 programmable bibliographies (PK/MW)

(D:\Ali\Extra Jobs\MikTex\tex/latex/logreq\logreq.sty
Package: logreq 2010/08/04 v1.0 xml request logger
\lrq@indent=\count361

(D:\Ali\Extra Jobs\MikTex\tex/latex/logreq\logreq.def
File: logreq.def 2010/08/04 v1.0 logreq spec v1.0
))
\c@tabx@nest=\count362
\c@listtotal=\count363
\c@listcount=\count364
\c@liststart=\count365
\c@liststop=\count366
\c@citecount=\count367
\c@citetotal=\count368
\c@multicitecount=\count369
\c@multicitetotal=\count370
\c@instcount=\count371
\c@maxnames=\count372
\c@minnames=\count373
\c@maxitems=\count374
\c@minitems=\count375
\c@citecounter=\count376
\c@maxcitecounter=\count377
\c@savedcitecounter=\count378
\c@uniquelist=\count379
\c@uniquename=\count380
\c@refsection=\count381
\c@refsegment=\count382
\c@maxextratitle=\count383
\c@maxextratitleyear=\count384
\c@maxextraname=\count385
\c@maxextradate=\count386
\c@maxextraalpha=\count387
\c@abbrvpenalty=\count388
\c@highnamepenalty=\count389
\c@lownamepenalty=\count390
\c@maxparens=\count391
\c@parenlevel=\count392
\blx@tempcnta=\count393
\blx@tempcntb=\count394
\blx@tempcntc=\count395
\c@blx@maxsection=\count396
\blx@maxsegment@0=\count397
\blx@notetype=\count398
\blx@parenlevel@text=\count399
\blx@parenlevel@foot=\count400
\blx@sectionciteorder@0=\count401
\blx@sectionciteorderinternal@0=\count402
\blx@entrysetcounter=\count403
\blx@biblioinstance=\count404
\labelnumberwidth=\skip97
\labelalphawidth=\skip98
\biblabelsep=\skip99
\bibitemsep=\skip100
\bibnamesep=\skip101
\bibinitsep=\skip102
\bibparsep=\skip103
\bibhang=\skip104
\blx@bcfin=\read3
\blx@bcfout=\write4
\blx@langwohyphens=\language79
\c@mincomprange=\count405
\c@maxcomprange=\count406
\c@mincompwidth=\count407
Package biblatex Info: Trying to load biblatex default data model...
Package biblatex Info: ... file 'blx-dm.def' found.

(D:\Ali\Extra Jobs\MikTex\tex/latex/biblatex\blx-dm.def
File: blx-dm.def 2025/07/10 v3.21 biblatex datamodel (PK/MW)
)
Package biblatex Info: Trying to load biblatex style data model...
Package biblatex Info: ... file 'ieee.dbx' not found.
Package biblatex Info: Trying to load biblatex custom data model...
Package biblatex Info: ... file 'biblatex-dm.cfg' not found.
\c@afterword=\count408
\c@savedafterword=\count409
\c@annotator=\count410
\c@savedannotator=\count411
\c@author=\count412
\c@savedauthor=\count413
\c@bookauthor=\count414
\c@savedbookauthor=\count415
\c@commentator=\count416
\c@savedcommentator=\count417
\c@editor=\count418
\c@savededitor=\count419
\c@editora=\count420
\c@savededitora=\count421
\c@editorb=\count422
\c@savededitorb=\count423
\c@editorc=\count424
\c@savededitorc=\count425
\c@foreword=\count426
\c@savedforeword=\count427
\c@holder=\count428
\c@savedholder=\count429
\c@introduction=\count430
\c@savedintroduction=\count431
\c@namea=\count432
\c@savednamea=\count433
\c@nameb=\count434
\c@savednameb=\count435
\c@namec=\count436
\c@savednamec=\count437
\c@translator=\count438
\c@savedtranslator=\count439
\c@shortauthor=\count440
\c@savedshortauthor=\count441
\c@shorteditor=\count442
\c@savedshorteditor=\count443
\c@labelname=\count444
\c@savedlabelname=\count445
\c@institution=\count446
\c@savedinstitution=\count447
\c@lista=\count448
\c@savedlista=\count449
\c@listb=\count450
\c@savedlistb=\count451
\c@listc=\count452
\c@savedlistc=\count453
\c@listd=\count454
\c@savedlistd=\count455
\c@liste=\count456
\c@savedliste=\count457
\c@listf=\count458
\c@savedlistf=\count459
\c@location=\count460
\c@savedlocation=\count461
\c@organization=\count462
\c@savedorganization=\count463
\c@origlocation=\count464
\c@savedoriglocation=\count465
\c@origpublisher=\count466
\c@savedorigpublisher=\count467
\c@publisher=\count468
\c@savedpublisher=\count469
\c@language=\count470
\c@savedlanguage=\count471
\c@origlanguage=\count472
\c@savedoriglanguage=\count473
\c@pageref=\count474
\c@savedpageref=\count475
\shorthandwidth=\skip105
\shortjournalwidth=\skip106
\shortserieswidth=\skip107
\shorttitlewidth=\skip108
\shortauthorwidth=\skip109
\shorteditorwidth=\skip110
\locallabelnumberwidth=\skip111
\locallabelalphawidth=\skip112
\localshorthandwidth=\skip113
\localshortjournalwidth=\skip114
\localshortserieswidth=\skip115
\localshorttitlewidth=\skip116
\localshortauthorwidth=\skip117
\localshorteditorwidth=\skip118
Package biblatex Info: Trying to load compatibility code...
Package biblatex Info: ... file 'blx-compat.def' found.

(D:\Ali\Extra Jobs\MikTex\tex/latex/biblatex\blx-compat.def
File: blx-compat.def 2025/07/10 v3.21 biblatex compatibility (PK/MW)
)
Package biblatex Info: Trying to load generic definitions...
Package biblatex Info: ... file 'biblatex.def' found.

(D:\Ali\Extra Jobs\MikTex\tex/latex/biblatex\biblatex.def
File: biblatex.def 2025/07/10 v3.21 biblatex compatibility (PK/MW)
\c@textcitecount=\count476
\c@textcitetotal=\count477
\c@textcitemaxnames=\count478
\c@biburlbigbreakpenalty=\count479
\c@biburlbreakpenalty=\count480
\c@biburlnumpenalty=\count481
\c@biburlucpenalty=\count482
\c@biburllcpenalty=\count483
\biburlbigskip=\muskip19
\biburlnumskip=\muskip20
\biburlucskip=\muskip21
\biburllcskip=\muskip22
\c@smartand=\count484
)
Package biblatex Info: Trying to load bibliography style 'ieee'...
Package biblatex Info: ... file 'ieee.bbx' found.

(D:\Ali\Extra Jobs\MikTex\tex/latex/biblatex-ieee\ieee.bbx
File: ieee.bbx 2025-08-01 v1.4f biblatex bibliography style
Package biblatex Info: Trying to load bibliography style 'numeric-comp'...
Package biblatex Info: ... file 'numeric-comp.bbx' found.

(D:\Ali\Extra Jobs\MikTex\tex/latex/biblatex/bbx\numeric-comp.bbx
File: numeric-comp.bbx 2025/07/10 v3.21 biblatex bibliography style (PK/MW)
Package biblatex Info: Trying to load bibliography style 'numeric'...
Package biblatex Info: ... file 'numeric.bbx' found.

(D:\Ali\Extra Jobs\MikTex\tex/latex/biblatex/bbx\numeric.bbx
File: numeric.bbx 2025/07/10 v3.21 biblatex bibliography style (PK/MW)
Package biblatex Info: Trying to load bibliography style 'standard'...
Package biblatex Info: ... file 'standard.bbx' found.

(D:\Ali\Extra Jobs\MikTex\tex/latex/biblatex/bbx\standard.bbx
File: standard.bbx 2025/07/10 v3.21 biblatex bibliography style (PK/MW)
\c@bbx:relatedcount=\count485
\c@bbx:relatedtotal=\count486
))))
Package biblatex Info: Trying to load citation style 'ieee'...
Package biblatex Info: ... file 'ieee.cbx' found.

(D:\Ali\Extra Jobs\MikTex\tex/latex/biblatex-ieee\ieee.cbx
File: ieee.cbx 2025-08-01 v1.4f biblatex citation style
Package biblatex Info: Trying to load citation style 'numeric-verb'...
Package biblatex Info: ... file 'numeric-verb.cbx' found.

(D:\Ali\Extra Jobs\MikTex\tex/latex/biblatex/cbx\numeric-verb.cbx
File: numeric-verb.cbx 2025/07/10 v3.21 biblatex citation style (PK/MW)
Package biblatex Info: Redefining '\cite'.
Package biblatex Info: Redefining '\parencite'.
Package biblatex Info: Redefining '\footcite'.
Package biblatex Info: Redefining '\footcitetext'.
Package biblatex Info: Redefining '\smartcite'.
Package biblatex Info: Redefining '\textcite'.
Package biblatex Info: Redefining '\supercite'.
Package biblatex Info: Redefining '\parencites'.
Package biblatex Info: Redefining '\smartcites'.
Package biblatex Info: Redefining '\textcites'.
))
Package biblatex Info: Trying to load configuration file...
Package biblatex Info: ... file 'biblatex.cfg' found.

(D:\Ali\Extra Jobs\MikTex\tex/latex/biblatex\biblatex.cfg
File: biblatex.cfg 
)
Package biblatex Info: Input encoding 'utf8' detected.
Package biblatex Info: Document encoding is UTF8 ....

(D:\Ali\Extra Jobs\MikTex\tex/latex/l3kernel\expl3.sty
Package: expl3 2025-12-24 L3 programming layer (loader) 

(D:\Ali\Extra Jobs\MikTex\tex/latex/l3backend\l3backend-pdftex.def
File: l3backend-pdftex.def 2025-10-09 L3 backend support: PDF output (pdfTeX)
\l__color_backend_stack_int=\count487
))
Package biblatex Info: ... and expl3
(biblatex)             2025-12-24 L3 programming layer (loader) 
(biblatex)             is new enough (at least 2020/04/06),
(biblatex)             setting 'casechanger=expl3'.

(D:\Ali\Extra Jobs\MikTex\tex/latex/biblatex\blx-case-expl3.sty
(D:\Ali\Extra Jobs\MikTex\tex/latex/l3packages/xparse\xparse.sty
Package: xparse 2025-10-09 L3 Experimental document command parser
)
Package: blx-case-expl3 2025/07/10 v3.21 expl3 case changing code for biblatex
))
(D:\Ali\Extra Jobs\MikTex\tex/latex/pgfplots\pgfplots.sty
(D:\Ali\Extra Jobs\MikTex\tex/generic/pgfplots\pgfplots.revision.tex)
Package: pgfplots 2021/05/15 v1.18.1 Data Visualization (1.18.1)

(D:\Ali\Extra Jobs\MikTex\tex/generic/pgfplots\pgfplots.code.tex
(D:\Ali\Extra Jobs\MikTex\tex/generic/pgfplots\pgfplotscore.code.tex
\t@pgfplots@toka=\toks52
\t@pgfplots@tokb=\toks53
\t@pgfplots@tokc=\toks54
\pgfplots@tmpa=\dimen340
\c@pgfplots@coordindex=\count488
\c@pgfplots@scanlineindex=\count489

(D:\Ali\Extra Jobs\MikTex\tex/generic/pgfplots/sys\pgfplotssysgeneric.code.tex)
) (D:\Ali\Extra Jobs\MikTex\tex/generic/pgfplots/libs\pgfplotslibrary.code.tex)

(D:\Ali\Extra Jobs\MikTex\tex/generic/pgfplots/oldpgfcompatib\pgfplotsoldpgfsup
p_loader.code.tex
(D:\Ali\Extra Jobs\MikTex\tex/generic/pgf/libraries\pgflibraryfpu.code.tex)
Package pgfplots: loading complementary utilities for your pgf version...
\t@pgf@toka=\toks55
\t@pgf@tokb=\toks56
\t@pgf@tokc=\toks57

(D:\Ali\Extra Jobs\MikTex\tex/generic/pgfplots/oldpgfcompatib\pgfplotsoldpgfsup
p_pgfutil-common-lists.tex))
(D:\Ali\Extra Jobs\MikTex\tex/generic/pgfplots/util\pgfplotsutil.code.tex
(D:\Ali\Extra Jobs\MikTex\tex/generic/pgfplots/liststructure\pgfplotsliststruct
ure.code.tex)
(D:\Ali\Extra Jobs\MikTex\tex/generic/pgfplots/liststructure\pgfplotsliststruct
ureext.code.tex)
(D:\Ali\Extra Jobs\MikTex\tex/generic/pgfplots/liststructure\pgfplotsarray.code
.tex
\c@pgfplotsarray@tmp=\count490
)
(D:\Ali\Extra Jobs\MikTex\tex/generic/pgfplots/liststructure\pgfplotsmatrix.cod
e.tex)
(D:\Ali\Extra Jobs\MikTex\tex/generic/pgfplots/numtable\pgfplotstableshared.cod
e.tex
\c@pgfplotstable@counta=\count491
\t@pgfplotstable@a=\toks58
)
(D:\Ali\Extra Jobs\MikTex\tex/generic/pgfplots/liststructure\pgfplotsdeque.code
.tex)
(D:\Ali\Extra Jobs\MikTex\tex/generic/pgfplots/util\pgfplotsbinary.code.tex
(D:\Ali\Extra Jobs\MikTex\tex/generic/pgfplots/util\pgfplotsbinary.data.code.te
x))
(D:\Ali\Extra Jobs\MikTex\tex/generic/pgfplots/util\pgfplotsutil.verb.code.tex)

(D:\Ali\Extra Jobs\MikTex\tex/generic/pgfplots/libs\pgflibrarypgfplots.surfshad
ing.code.tex
\c@pgfplotslibrarysurf@no=\count492

(D:\Ali\Extra Jobs\MikTex\tex/generic/pgfplots/sys\pgflibrarypgfplots.surfshadi
ng.pgfsys-pdftex.def)))
(D:\Ali\Extra Jobs\MikTex\tex/generic/pgfplots/util\pgfplotscolormap.code.tex
(D:\Ali\Extra Jobs\MikTex\tex/generic/pgfplots/util\pgfplotscolor.code.tex))
(D:\Ali\Extra Jobs\MikTex\tex/generic/pgfplots\pgfplotsstackedplots.code.tex)
(D:\Ali\Extra Jobs\MikTex\tex/generic/pgfplots\pgfplotsplothandlers.code.tex
(D:\Ali\Extra Jobs\MikTex\tex/generic/pgfplots\pgfplotsmeshplothandler.code.tex
(D:\Ali\Extra Jobs\MikTex\tex/generic/pgfplots\pgfplotsmeshplotimage.code.tex))
) (D:\Ali\Extra Jobs\MikTex\tex/generic/pgfplots\pgfplots.scaling.code.tex)
(D:\Ali\Extra Jobs\MikTex\tex/generic/pgfplots\pgfplotscoordprocessing.code.tex
) (D:\Ali\Extra Jobs\MikTex\tex/generic/pgfplots\pgfplots.errorbars.code.tex)
(D:\Ali\Extra Jobs\MikTex\tex/generic/pgfplots\pgfplots.markers.code.tex)
(D:\Ali\Extra Jobs\MikTex\tex/generic/pgfplots\pgfplotsticks.code.tex)
(D:\Ali\Extra Jobs\MikTex\tex/generic/pgfplots\pgfplots.paths.code.tex)
(D:\Ali\Extra Jobs\MikTex\tex/generic/pgf/frontendlayer/tikz/libraries\tikzlibr
arydecorations.pathmorphing.code.tex
(D:\Ali\Extra Jobs\MikTex\tex/generic/pgf/libraries/decorations\pgflibrarydecor
ations.pathmorphing.code.tex))
(D:\Ali\Extra Jobs\MikTex\tex/generic/pgfplots/libs\tikzlibrarypgfplots.contour
lua.code.tex)
\pgfplots@numplots=\count493
\pgfplots@xmin@reg=\dimen341
\pgfplots@xmax@reg=\dimen342
\pgfplots@ymin@reg=\dimen343
\pgfplots@ymax@reg=\dimen344
\pgfplots@zmin@reg=\dimen345
\pgfplots@zmax@reg=\dimen346
)
(D:\Ali\Extra Jobs\MikTex\tex/generic/pgf/frontendlayer/tikz/libraries\tikzlibr
aryplotmarks.code.tex
File: tikzlibraryplotmarks.code.tex 2025-08-29 v3.1.11a (3.1.11a)

(D:\Ali\Extra Jobs\MikTex\tex/generic/pgf/libraries\pgflibraryplotmarks.code.te
x
File: pgflibraryplotmarks.code.tex 2025-08-29 v3.1.11a (3.1.11a)
)))
Package hyperref Info: Option `colorlinks' set `true' on input line 62.
\@quotelevel=\count494
\@quotereset=\count495
 (main.aux

LaTeX Warning: Label `app:snn-math' multiply defined.


LaTeX Warning: Label `eq:surrogate-atan' multiply defined.

)
\openout1 = `main.aux'.

LaTeX Font Info:    Checking defaults for OML/cmm/m/it on input line 80.
LaTeX Font Info:    ... okay on input line 80.
LaTeX Font Info:    Checking defaults for OMS/cmsy/m/n on input line 80.
LaTeX Font Info:    ... okay on input line 80.
LaTeX Font Info:    Checking defaults for OT1/cmr/m/n on input line 80.
LaTeX Font Info:    ... okay on input line 80.
LaTeX Font Info:    Checking defaults for T1/cmr/m/n on input line 80.
LaTeX Font Info:    ... okay on input line 80.
LaTeX Font Info:    Checking defaults for TS1/cmr/m/n on input line 80.
LaTeX Font Info:    ... okay on input line 80.
LaTeX Font Info:    Checking defaults for OMX/cmex/m/n on input line 80.
LaTeX Font Info:    ... okay on input line 80.
LaTeX Font Info:    Checking defaults for U/cmr/m/n on input line 80.
LaTeX Font Info:    ... okay on input line 80.
LaTeX Font Info:    Checking defaults for PD1/pdf/m/n on input line 80.
LaTeX Font Info:    ... okay on input line 80.
LaTeX Font Info:    Checking defaults for PU/pdf/m/n on input line 80.
LaTeX Font Info:    ... okay on input line 80.

*geometry* driver: auto-detecting
*geometry* detected driver: pdftex
*geometry* verbose mode - [ preamble ] result:
* driver: pdftex
* paper: a4paper
* layout: <same size as paper>
* layoutoffset:(h,v)=(0.0pt,0.0pt)
* modes: 
* h-part:(L,W,R)=(85.35826pt, 441.01773pt, 71.13188pt)
* v-part:(T,H,B)=(71.13188pt, 702.78308pt, 71.13188pt)
* \paperwidth=597.50787pt
* \paperheight=845.04684pt
* \textwidth=441.01773pt
* \textheight=702.78308pt
* \oddsidemargin=13.08827pt
* \evensidemargin=13.08827pt
* \topmargin=-41.1381pt
* \headheight=15.0pt
* \headsep=25.0pt
* \topskip=12.0pt
* \footskip=30.0pt
* \marginparwidth=35.0pt
* \marginparsep=10.0pt
* \columnsep=10.0pt
* \skip\footins=10.8pt plus 4.0pt minus 2.0pt
* \hoffset=0.0pt
* \voffset=0.0pt
* \mag=1000
* \@twocolumnfalse
* \@twosidefalse
* \@mparswitchfalse
* \@reversemarginfalse
* (1in=72.27pt=25.4mm, 1cm=28.453pt)

(D:\Ali\Extra Jobs\MikTex\tex/context/base/mkii\supp-pdf.mkii
[Loading MPS to PDF converter (version 2006.09.02).]
\scratchcounter=\count496
\scratchdimen=\dimen347
\scratchbox=\box84
\nofMPsegments=\count497
\nofMParguments=\count498
\everyMPshowfont=\toks59
\MPscratchCnt=\count499
\MPscratchDim=\dimen348
\MPnumerator=\count500
\makeMPintoPDFobject=\count501
\everyMPtoPDFconversion=\toks60
) (D:\Ali\Extra Jobs\MikTex\tex/latex/epstopdf-pkg\epstopdf-base.sty
Package: epstopdf-base 2020-01-24 v2.11 Base part for package epstopdf
Package epstopdf-base Info: Redefining graphics rule for `.eps' on input line 4
85.

(D:\Ali\Extra Jobs\MikTex\tex/latex/00miktex\epstopdf-sys.cfg
File: epstopdf-sys.cfg 2021/03/18 v2.0 Configuration of epstopdf for MiKTeX
))
Package hyperref Info: Link coloring ON on input line 80.
 (main.out)
(main.out)
\@outlinefile=\write5
\openout5 = `main.out'.

Package caption Info: Begin \AtBeginDocument code.
Package caption Info: float package is loaded.
Package caption Info: End \AtBeginDocument code.
Package biblatex Info: Trying to load language 'english'...
Package biblatex Info: ... file 'english.lbx' found.
 (D:\Ali\Extra Jobs\MikTex\tex/latex/biblatex/lbx\english.lbx
File: english.lbx 2025/07/10 v3.21 biblatex localization (PK/MW)
)
Package biblatex Info: Input encoding 'utf8' detected.
Package biblatex Info: Automatic encoding selection.
(biblatex)             Assuming data encoding 'utf8'.
\openout4 = `main.bcf'.

Package biblatex Info: Trying to load bibliographic data...
Package biblatex Info: ... file 'main.bbl' found.

(main.bbl

Package biblatex Warning: The following entry could not be found
(biblatex)                in the database:
(biblatex)                uwaoma2022revisiting
(biblatex)                Please verify the spelling and rerun
(biblatex)                LaTeX afterwards.

)
Package biblatex Info: Reference section=0 on input line 80.
Package biblatex Info: Reference segment=0 on input line 80.

Package pgfplots notification 'compat/show suggested version=true': document ha
s been generated with the most recent feature set (\pgfplotsset{compat=1.18}).

(chapters/ch00_frontmatter.tex
LaTeX Font Info:    Trying to load font information for U+msa on input line 19.


(D:\Ali\Extra Jobs\MikTex\tex/latex/amsfonts\umsa.fd
File: umsa.fd 2013/01/14 v3.01 AMS symbols A
)
LaTeX Font Info:    Trying to load font information for U+msb on input line 19.


(D:\Ali\Extra Jobs\MikTex\tex/latex/amsfonts\umsb.fd
File: umsb.fd 2013/01/14 v3.01 AMS symbols B
) [1

{C:/Users/alial/AppData/Local/MiKTeX/fonts/map/pdftex/pdftex.map}]
pdfTeX warning (ext4): destination with the same identifier (name{page.1}) has 
been already used, duplicate ignored
<to be read again> 
                   \relax 
l.46 \chapter
             *{Abstract} [1

] [2

] [3] [4

] [5

] (main.toc
Overfull \hbox (10.98846pt too wide) in paragraph at lines 41--41
 [][] [][][]\T1/cmr/m/n/12 Gap 2: In-suf-fi-cient Ex-ploita-tion of Re-la-tiona
l Struc-ture in Anomaly 
 []

[6

] [7] [8] [9])
\tf@toc=\write6
\openout6 = `main.toc'.

 [10] (main.lof
Overfull \hbox (6.0955pt too wide) in paragraph at lines 8--8
 [][] [][][]\T1/cmr/m/n/12 Architecture of the Pro-posed Quan-tum GNN (Pa-perQG
NN). The pipeline 
 []

[11

]
Overfull \hbox (10.52908pt too wide) in paragraph at lines 30--30
 [][] [][][]\T1/cmr/m/n/12 Confusion Ma-trix Com-par-i-son --- Base-line (Left)
 vs. ADASYN + Weighted 
 []


Overfull \hbox (23.18571pt too wide) in paragraph at lines 31--31
 [][] [][][]\T1/cmr/m/n/12 Multi-Dimensional Per-for-mance Pro-file --- Base-li
ne vs. ADASYN + Weighted 
 []


Overfull \hbox (1.13135pt too wide) in paragraph at lines 40--40
 \T1/cmr/m/n/12 bined through soft vot-ing (weighted av-er-ag-ing) or hard vot-
ing (threshold- 
 []

[12]
Overfull \hbox (13.74025pt too wide) in paragraph at lines 47--47
 [][] [][][]\T1/cmr/m/n/12 Variational Au-toen-coder ar-chi-tec-ture (pure base
-line). The en-coder projects 
 []

[13])
\tf@lof=\write7
\openout7 = `main.lof'.

 [14] (main.lot [15

])
\tf@lot=\write8
\openout8 = `main.lot'.

 [16] (main.loa)
\tf@loa=\write9
\openout9 = `main.loa'.

 [17

] [18

]) [19

]
Overfull \vbox (349.16754pt too high) has occurred while \output is active []


[20] (chapters/ch01_introduction.tex
Chapter 1.
[21

] [22]
Overfull \hbox (1.53923pt too wide) in paragraph at lines 33--34
[]\T1/cmr/bx/n/12 Cross-paradigm com-par-i-son: \T1/cmr/m/n/12 No ex-ist-ing wo
rk sys-tem-at-i-cally com-pares GNN,
 []

[23] [24]

LaTeX Warning: Reference `ch:methodology' on page 25 undefined on input line 86
.

[25]

LaTeX Warning: Reference `ch:autoencoder' on page 26 undefined on input line 92
.

) (chapters/ch02_literature_review.tex [26]
Chapter 2.
[27

] [28] [29] [30] [31] [32] [33]
Overfull \hbox (1.94063pt too wide) in paragraph at lines 396--413
[]\T1/cmr/m/n/12 Uwaoma [[][]44[][]] con-ducted a sys-tem-atic eval-u-a-tion of
 five sam-pling strate-gies (SMOTE,
 []


Overfull \hbox (8.34467pt too wide) in paragraph at lines 414--428
[]\T1/cmr/m/n/12 Farahat et al. [[][]16[][]] ex-tended the anal-y-sis of im-bal
-ance han-dling by propos-ing objective-
 []


Overfull \hbox (6.79933pt too wide) in paragraph at lines 431--447
\T1/cmr/m/n/12 Fraud rings share resources---devices, IP ad-dresses, email do-m
ains, and phone numbers---
 []

[34] [35]
Overfull \hbox (13.5214pt too wide) in paragraph at lines 508--519
[]\T1/cmr/m/n/12 In the fraud de-tec-tion do-main, Graph-SAGE has been ap-plied
 to cap-ture neighborhood-
 []

[36] [37] [38] [39] [40] [41] [42] [43] [44] [45] [46]
Overfull \hbox (4.59904pt too wide) in paragraph at lines 1148--1148
|[]\T1/cmr/bx/n/14.4 Gap 3: Lim-ited Un-der-stand-ing of De-nois-ing Au-toen-co
ders
 []

[47]
Overfull \hbox (4.01826pt too wide) in paragraph at lines 1168--1183
[]\T1/cmr/m/n/12 Furthermore, the stark con-trast be-tween stan-dalone DAE per-
for-mance (AUC 0.5210)
 []

[48] [49]) (chapters/ch03_requirements.tex [50]
Chapter 3.

Overfull \hbox (2.7627pt too wide) in paragraph at lines 9--10
\T1/cmr/m/n/12 The pri-mary stake-hold-ers in a multi-pipeline fi-nan-cial frau
d de-tec-tion system---spanning
 []


Underfull \hbox (badness 1783) in paragraph at lines 28--28
[]|\T1/cmr/m/n/10.95 High --- pri-mary adopter
 []


Underfull \hbox (badness 2409) in paragraph at lines 28--28
[]|\T1/cmr/m/n/10.95 Fair and non- 
 []


Underfull \hbox (badness 1412) in paragraph at lines 28--28
[]|\T1/cmr/m/n/10.95 Low --- in-di-rect in-flu-ence
 []


Underfull \hbox (badness 1189) in paragraph at lines 28--28
[]|\T1/cmr/m/n/10.95 Medium --- SNN pipeline
 []

[51

] [52] [53] [54]) (chapters/ch04_architecture.tex [55]
Chapter 4.

Overfull \hbox (4.7581pt too wide) in paragraph at lines 9--10
\T1/cmr/m/n/12 three par-al-lel de-tec-tion pipelines: (1) Data In-ges-tion and
 Graph Con-struc-tion, (2) Multi-
 []

<images/gnn_fig1.png, id=1626, 1413.28pt x 770.88pt>
File: images/gnn_fig1.png Graphic file (type png)
<use images/gnn_fig1.png>
Package pdftex.def Info: images/gnn_fig1.png  used on input line 15.
(pdftex.def)             Requested size: 418.96548pt x 228.52509pt.
[56

] [57 <./images/gnn_fig1.png>]
Underfull \hbox (badness 10000) in paragraph at lines 64--64
[]|\T1/cmr/bx/n/10 Fraud De-tec-tion
 []


Underfull \hbox (badness 10000) in paragraph at lines 64--64
[]|\T1/cmr/m/n/10 device_os_windows
 []


Underfull \hbox (badness 10000) in paragraph at lines 64--64
[]|\T1/cmr/m/n/10 housing_status_*
 []


Underfull \hbox (badness 10000) in paragraph at lines 64--64
[]|\T1/cmr/m/n/10 Housing in-sta-bil-ity
 []


Underfull \hbox (badness 3514) in paragraph at lines 64--64
\T1/cmr/m/n/10 may cor-re-late with
 []


Overfull \hbox (6.62625pt too wide) in paragraph at lines 64--64
[]|\T1/cmr/m/n/10 employment_status_*
 []


Underfull \hbox (badness 10000) in paragraph at lines 64--64
[]|\T1/cmr/m/n/10 Employment pat-
 []


Underfull \hbox (badness 10000) in paragraph at lines 64--64
\T1/cmr/m/n/10 terns are strong
 []


Underfull \hbox (badness 10000) in paragraph at lines 64--64
[]|\T1/cmr/m/n/10 payment_type_*
 []


Underfull \hbox (badness 10000) in paragraph at lines 64--64
[]|\T1/cmr/m/n/10 Certain pay-ment
 []


Underfull \hbox (badness 10000) in paragraph at lines 64--64
[]|\T1/cmr/m/n/10 Age de-mo-graph-ics
 []


Underfull \hbox (badness 4739) in paragraph at lines 64--64
\T1/cmr/m/n/10 help iden-tify fraud
 []


Overfull \hbox (7.18167pt too wide) in paragraph at lines 64--64
[]|\T1/cmr/m/n/10 proposed_credit_limit| 
 []


Underfull \hbox (badness 10000) in paragraph at lines 64--64
\T1/cmr/m/n/10 limit re-quests are
 []


Underfull \hbox (badness 10000) in paragraph at lines 64--64
\T1/cmr/m/n/10 in-di-cate or-ga-nized
 []


Underfull \hbox (badness 4673) in paragraph at lines 64--64
\T1/cmr/m/n/10 pli-ca-tions are hall-
 []


Underfull \hbox (badness 4108) in paragraph at lines 64--64
[]|\T1/cmr/m/n/10 Free email ser-vices
 []


Underfull \hbox (badness 10000) in paragraph at lines 64--64
\T1/cmr/m/n/10 dis-pro-por-tion-ately
 []


Underfull \hbox (badness 10000) in paragraph at lines 64--64
[]|\T1/cmr/m/n/10 Foreign re-quests
 []


Underfull \hbox (badness 7888) in paragraph at lines 64--64
[]|\T1/cmr/m/n/10 Automated ses-sions
 []


Underfull \hbox (badness 10000) in paragraph at lines 64--64
\T1/cmr/m/n/10 sug-gest bot-driven
 []


Underfull \hbox (badness 1122) in paragraph at lines 64--64
[]|\T1/cmr/m/n/10 Existing card-hold-ers
 []


Underfull \hbox (badness 10000) in paragraph at lines 64--64
[]|\T1/cmr/m/n/10 Shared de-vices
 []


Underfull \hbox (badness 10000) in paragraph at lines 64--64
\T1/cmr/m/n/10 among ap-pli-cants
 []


Underfull \hbox (badness 10000) in paragraph at lines 64--64
[]|\T1/cmr/m/n/10 phone_home_valid
 []


Underfull \hbox (badness 10000) in paragraph at lines 64--64
\T1/cmr/m/n/10 +
 []


Underfull \hbox (badness 1490) in paragraph at lines 64--64
[]|\T1/cmr/m/n/10 Invalid phone num-
 []

[58]
Overfull \vbox (56.15298pt too high) has occurred while \output is active []


[59]
Underfull \hbox (badness 10000) in paragraph at lines 87--87
[]|\T1/cmr/m/n/10 very_low
 []


Underfull \hbox (badness 7540) in paragraph at lines 87--87
\T1/cmr/m/n/10 ($\OML/cmm/m/it/10 <$\T1/cmr/m/n/10 200), low
 []


Underfull \hbox (badness 10000) in paragraph at lines 87--87
\T1/cmr/m/n/10 (200--400),
 []


Underfull \hbox (badness 10000) in paragraph at lines 87--87
\T1/cmr/m/n/10 medium
 []


Underfull \hbox (badness 10000) in paragraph at lines 87--87
\T1/cmr/m/n/10 (400--
 []


Underfull \hbox (badness 10000) in paragraph at lines 87--87
\T1/cmr/m/n/10 600), high
 []


Underfull \hbox (badness 10000) in paragraph at lines 87--87
\T1/cmr/m/n/10 (600--800),
 []


Underfull \hbox (badness 10000) in paragraph at lines 87--87
\T1/cmr/m/n/10 very_high
 []


Underfull \hbox (badness 2980) in paragraph at lines 87--87
[]|\T1/cmr/m/n/10 Standard in-
 []


Underfull \hbox (badness 7326) in paragraph at lines 87--87
\T1/cmr/m/n/10 dus-try score
 []


Underfull \hbox (badness 10000) in paragraph at lines 87--87
[]|\T1/cmr/m/n/10 Natural age
 []


Underfull \hbox (badness 10000) in paragraph at lines 87--87
[]|\T1/cmr/m/n/10 very_low
 []


Underfull \hbox (badness 7540) in paragraph at lines 87--87
\T1/cmr/m/n/10 ($\OML/cmm/m/it/10 <$\T1/cmr/m/n/10 500), low
 []


Underfull \hbox (badness 10000) in paragraph at lines 87--87
\T1/cmr/m/n/10 (500--2K),
 []


Underfull \hbox (badness 10000) in paragraph at lines 87--87
\T1/cmr/m/n/10 5K), high
 []


Underfull \hbox (badness 10000) in paragraph at lines 87--87
\T1/cmr/m/n/10 (5K--10K),
 []


Underfull \hbox (badness 10000) in paragraph at lines 87--87
\T1/cmr/m/n/10 very_high
 []


Underfull \hbox (badness 10000) in paragraph at lines 87--87
[]|\T1/cmr/m/n/10 Business-
 []


Underfull \hbox (badness 10000) in paragraph at lines 87--87
\T1/cmr/m/n/10 relevant
 []


Underfull \hbox (badness 10000) in paragraph at lines 87--87
[]|\T1/cmr/m/n/10 zip_unique
 []


Underfull \hbox (badness 10000) in paragraph at lines 87--87
\T1/cmr/m/n/10 (=1),
 []


Underfull \hbox (badness 10000) in paragraph at lines 87--87
\T1/cmr/m/n/10 zip_low
 []


Underfull \hbox (badness 10000) in paragraph at lines 87--87
\T1/cmr/m/n/10 (2--5),
 []


Underfull \hbox (badness 10000) in paragraph at lines 87--87
\T1/cmr/m/n/10 zip_medium
 []


Underfull \hbox (badness 10000) in paragraph at lines 87--87
\T1/cmr/m/n/10 (6--20),
 []


Underfull \hbox (badness 10000) in paragraph at lines 87--87
\T1/cmr/m/n/10 zip_high
 []


Underfull \hbox (badness 10000) in paragraph at lines 87--87
[]|\T1/cmr/m/n/10 Application
 []


Underfull \hbox (badness 10000) in paragraph at lines 87--87
[]|\T1/cmr/m/n/10 single (=1),
 []


Underfull \hbox (badness 10000) in paragraph at lines 87--87
\T1/cmr/m/n/10 low (2--3),
 []


Underfull \hbox (badness 10000) in paragraph at lines 87--87
\T1/cmr/m/n/10 medium (4--
 []


Underfull \hbox (badness 10000) in paragraph at lines 87--87
\T1/cmr/m/n/10 10), high
 []


Underfull \hbox (badness 10000) in paragraph at lines 87--87
[]|\T1/cmr/m/n/10 Behavioral
 []

[60] [61] [62]
Overfull \hbox (5.9065pt too wide) in paragraph at lines 188--189
[]\T1/cmr/bx/n/12 Decoder: \T1/cmr/m/n/12 The de-coder re-con-structs the in-pu
t from the la-tent rep-re-sen-ta-tion through
 []

[63] [64]
Overfull \hbox (47.2693pt too wide) in paragraph at lines 226--227
\T1/cmr/m/n/12 han-dling of miss-ing val-ues, and ef-fi-cient histogram-based s
plit-ting. The \T1/cmtt/m/n/12 scale_pos_weight
 []


Overfull \hbox (7.87077pt too wide) in paragraph at lines 234--235
\T1/cmr/m/n/12 when met-rics de-grade be-yond con-fig-ured thresh-olds. Mon-i-t
or-ing cov-ers all three pipelines
 []

[65]
Overfull \hbox (3.92867pt too wide) in paragraph at lines 251--252
[]\T1/cmr/m/it/12 AE Pipeline: \T1/cmr/m/n/12 The VAE and DAE are trained in-de
-pen-dently on the legitimate-
 []


Underfull \hbox (badness 10000) in paragraph at lines 285--285
[]|\T1/cmr/m/n/10.95 Dominant ecosys-tem for
 []


Underfull \hbox (badness 10000) in paragraph at lines 285--285
\T1/cmr/m/n/10.95 ML/DL; ex-ten-sive li-brary
 []


Underfull \hbox (badness 10000) in paragraph at lines 285--285
[]|\T1/cmr/m/n/10.95 Flexible au-to-grad; na-tive
 []


Underfull \hbox (badness 10000) in paragraph at lines 285--285
\T1/cmr/m/n/10.95 GPU sup-port; research-
 []


Underfull \hbox (badness 1360) in paragraph at lines 285--285
[]|\T1/cmr/m/n/10.95 Variational quan-tum cir-cuit
 []


Underfull \hbox (badness 10000) in paragraph at lines 285--285
[]|\T1/cmr/m/n/10.95 Differentiable LIF neu-ron
 []


Underfull \hbox (badness 3333) in paragraph at lines 285--285
\T1/cmr/m/n/10.95 mod-els; sur-ro-gate gra-di-ent
 []


Underfull \hbox (badness 4713) in paragraph at lines 285--285
\T1/cmr/m/n/10.95 train-ing; Py-Torch in-te-gra-
 []


Underfull \hbox (badness 10000) in paragraph at lines 285--285
\T1/cmr/m/n/10.95 tion; tem-po-ral sim-u-la-tion
 []


Underfull \hbox (badness 10000) in paragraph at lines 285--285
[]|\T1/cmr/m/n/10.95 Efficient gradient-boosted
 []

[66])
Overfull \hbox (1.37856pt too wide) in paragraph at lines 288--102
\T1/cmr/m/n/12 The tech-nol-ogy stack has been ex-tended to sup-port the SNN an
d Au-toen-coder pipelines.
 []

[67] (chapters/ch05_pipeline_gnn.tex [68]
Chapter 5.

Overfull \hbox (16.92459pt too wide) in paragraph at lines 27--28
\T1/cmr/m/n/12 for graph-based fraud de-tec-tion, en-abling a com-pre-hen-sive 
com-par-i-son of spa-tial, quantum-
 []

[69

]
File: images/gnn_fig1.png Graphic file (type png)
<use images/gnn_fig1.png>
Package pdftex.def Info: images/gnn_fig1.png  used on input line 37.
(pdftex.def)             Requested size: 418.96548pt x 228.52509pt.


Package fancyhdr Warning: \headheight is too small (15.0pt): 
(fancyhdr)                Make it at least 25.22153pt, for example:
(fancyhdr)                \setlength{\headheight}{25.22153pt}.
(fancyhdr)                You might also make \topmargin smaller:
(fancyhdr)                \addtolength{\topmargin}{-10.22153pt}.

[70]
<images/gnn_fig2.png, id=1708, 1349.04pt x 255.95625pt>
File: images/gnn_fig2.png Graphic file (type png)
<use images/gnn_fig2.png>
Package pdftex.def Info: images/gnn_fig2.png  used on input line 71.
(pdftex.def)             Requested size: 418.96548pt x 79.49011pt.


Package fancyhdr Warning: \headheight is too small (15.0pt): 
(fancyhdr)                Make it at least 25.22153pt, for example:
(fancyhdr)                \setlength{\headheight}{25.22153pt}.
(fancyhdr)                You might also make \topmargin smaller:
(fancyhdr)                \addtolength{\topmargin}{-10.22153pt}.

[71 <./images/gnn_fig2.png>]
Package hyperref Info: bookmark level for unknown algorithm defaults to 0 on in
put line 91.

Overfull \hbox (2.00131pt too wide) in paragraph at lines 111--112
\T1/cmr/m/n/12 ing to par-ti-tion the graph struc-ture it-self. The core in-no-
va-tion lies in its dual-mechanism
 []

<images/gnn_fig3.png, id=1717, 1035.87pt x 525.46312pt>
File: images/gnn_fig3.png Graphic file (type png)
<use images/gnn_fig3.png>
Package pdftex.def Info: images/gnn_fig3.png  used on input line 115.
(pdftex.def)             Requested size: 418.96548pt x 212.53076pt.

Package fancyhdr Warning: \headheight is too small (15.0pt): 
(fancyhdr)                Make it at least 25.22153pt, for example:
(fancyhdr)                \setlength{\headheight}{25.22153pt}.
(fancyhdr)                You might also make \topmargin smaller:
(fancyhdr)                \addtolength{\topmargin}{-10.22153pt}.

[72 <./images/gnn_fig3.png>]

Package fancyhdr Warning: \headheight is too small (15.0pt): 
(fancyhdr)                Make it at least 25.22153pt, for example:
(fancyhdr)                \setlength{\headheight}{25.22153pt}.
(fancyhdr)                You might also make \topmargin smaller:
(fancyhdr)                \addtolength{\topmargin}{-10.22153pt}.

[73]

Package fancyhdr Warning: \headheight is too small (15.0pt): 
(fancyhdr)                Make it at least 25.22153pt, for example:
(fancyhdr)                \setlength{\headheight}{25.22153pt}.
(fancyhdr)                You might also make \topmargin smaller:
(fancyhdr)                \addtolength{\topmargin}{-10.22153pt}.

[74]
Underfull \hbox (badness 2376) in paragraph at lines 251--251
[]|\T1/cmr/m/n/10.95 Base learn-ing rate (Adam op-ti-
 []


Package fancyhdr Warning: \headheight is too small (15.0pt): 
(fancyhdr)                Make it at least 25.22153pt, for example:
(fancyhdr)                \setlength{\headheight}{25.22153pt}.
(fancyhdr)                You might also make \topmargin smaller:
(fancyhdr)                \addtolength{\topmargin}{-10.22153pt}.

[75]
Overfull \hbox (1.7451pt too wide) in paragraph at lines 285--286
\T1/cmr/m/n/12 The Pa-perQGNN im-ple-men-ta-tion uses AdamW op-ti-mizer (lr=0.0
01, weight_decay=1e-
 []


Package fancyhdr Warning: \headheight is too small (15.0pt): 
(fancyhdr)                Make it at least 25.22153pt, for example:
(fancyhdr)                \setlength{\headheight}{25.22153pt}.
(fancyhdr)                You might also make \topmargin smaller:
(fancyhdr)                \addtolength{\topmargin}{-10.22153pt}.

[76]

Package fancyhdr Warning: \headheight is too small (15.0pt): 
(fancyhdr)                Make it at least 25.22153pt, for example:
(fancyhdr)                \setlength{\headheight}{25.22153pt}.
(fancyhdr)                You might also make \topmargin smaller:
(fancyhdr)                \addtolength{\topmargin}{-10.22153pt}.

[77]
Underfull \hbox (badness 10000) in paragraph at lines 379--379
[]|\T1/cmr/m/n/10.95 Attention-weighted
 []


Underfull \hbox (badness 10000) in paragraph at lines 379--379
[]|\T1/cmr/m/n/10.95 Neighborhood sam-
 []


Underfull \hbox (badness 10000) in paragraph at lines 379--379
[]|\T1/cmr/m/n/10.95 Quantum fea-ture
 []


Underfull \hbox (badness 10000) in paragraph at lines 379--379
[]|\T1/cmr/m/n/10.95 Edge split-ting +
 []


Package fancyhdr Warning: \headheight is too small (15.0pt): 
(fancyhdr)                Make it at least 25.22153pt, for example:
(fancyhdr)                \setlength{\headheight}{25.22153pt}.
(fancyhdr)                You might also make \topmargin smaller:
(fancyhdr)                \addtolength{\topmargin}{-10.22153pt}.

[78]
<images/gnn_fig4.png, id=1799, 1606.0pt x 1140.26pt>
File: images/gnn_fig4.png Graphic file (type png)
<use images/gnn_fig4.png>
Package pdftex.def Info: images/gnn_fig4.png  used on input line 401.
(pdftex.def)             Requested size: 374.86775pt x 266.15164pt.


Package fancyhdr Warning: \headheight is too small (15.0pt): 
(fancyhdr)                Make it at least 25.22153pt, for example:
(fancyhdr)                \setlength{\headheight}{25.22153pt}.
(fancyhdr)                You might also make \topmargin smaller:
(fancyhdr)                \addtolength{\topmargin}{-10.22153pt}.

[79 <./images/gnn_fig4.png>]
<images/gnn_fig5.png, id=1804, 923.6106pt x 354.123pt>
File: images/gnn_fig5.png Graphic file (type png)
<use images/gnn_fig5.png>
Package pdftex.def Info: images/gnn_fig5.png  used on input line 434.
(pdftex.def)             Requested size: 374.86775pt x 143.72702pt.
<images/gnn_fig6.png, id=1805, 923.6106pt x 354.123pt>
File: images/gnn_fig6.png Graphic file (type png)
<use images/gnn_fig6.png>
Package pdftex.def Info: images/gnn_fig6.png  used on input line 441.
(pdftex.def)             Requested size: 374.86775pt x 143.72702pt.
<images/gnn_fig7.png, id=1806, 714.7503pt x 389.5353pt>
File: images/gnn_fig7.png Graphic file (type png)
<use images/gnn_fig7.png>
Package pdftex.def Info: images/gnn_fig7.png  used on input line 450.
(pdftex.def)             Requested size: 374.86775pt x 204.30699pt.


Package fancyhdr Warning: \headheight is too small (15.0pt): 
(fancyhdr)                Make it at least 25.22153pt, for example:
(fancyhdr)                \setlength{\headheight}{25.22153pt}.
(fancyhdr)                You might also make \topmargin smaller:
(fancyhdr)                \addtolength{\topmargin}{-10.22153pt}.

[80 <./images/gnn_fig5.png> <./images/gnn_fig6.png>]
Underfull \hbox (badness 10000) in alignment at lines 470--470
[][][][][][] 
 []

<images/gnn_fig8.png, id=1813, 923.6106pt x 354.123pt>
File: images/gnn_fig8.png Graphic file (type png)
<use images/gnn_fig8.png>
Package pdftex.def Info: images/gnn_fig8.png  used on input line 475.
(pdftex.def)             Requested size: 374.86775pt x 143.72702pt.
<images/gnn_fig9.png, id=1814, 923.6106pt x 354.123pt>
File: images/gnn_fig9.png Graphic file (type png)
<use images/gnn_fig9.png>
Package pdftex.def Info: images/gnn_fig9.png  used on input line 482.
(pdftex.def)             Requested size: 374.86775pt x 143.72702pt.

Package fancyhdr Warning: \headheight is too small (15.0pt): 
(fancyhdr)                Make it at least 25.22153pt, for example:
(fancyhdr)                \setlength{\headheight}{25.22153pt}.
(fancyhdr)                You might also make \topmargin smaller:
(fancyhdr)                \addtolength{\topmargin}{-10.22153pt}.

[81 <./images/gnn_fig7.png> <./images/gnn_fig8.png>]
<images/gnn_fig10.png, id=1821, 923.6106pt x 354.123pt>
File: images/gnn_fig10.png Graphic file (type png)
<use images/gnn_fig10.png>
Package pdftex.def Info: images/gnn_fig10.png  used on input line 489.
(pdftex.def)             Requested size: 374.86775pt x 143.72702pt.
<images/gnn_fig11.png, id=1822, 923.6106pt x 354.123pt>
File: images/gnn_fig11.png Graphic file (type png)
<use images/gnn_fig11.png>
Package pdftex.def Info: images/gnn_fig11.png  used on input line 496.
(pdftex.def)             Requested size: 374.86775pt x 143.72702pt.
<images/gnn_fig12.png, id=1823, 1003.46895pt x 389.17395pt>
File: images/gnn_fig12.png Graphic file (type png)
<use images/gnn_fig12.png>
Package pdftex.def Info: images/gnn_fig12.png  used on input line 507.
(pdftex.def)             Requested size: 374.86775pt x 145.3876pt.


Package fancyhdr Warning: \headheight is too small (15.0pt): 
(fancyhdr)                Make it at least 25.22153pt, for example:
(fancyhdr)                \setlength{\headheight}{25.22153pt}.
(fancyhdr)                You might also make \topmargin smaller:
(fancyhdr)                \addtolength{\topmargin}{-10.22153pt}.

[82 <./images/gnn_fig9.png> <./images/gnn_fig10.png> <./images/gnn_fig11.png>]
<images/gnn_fig13.png, id=1831, 1003.46895pt x 389.5353pt>
File: images/gnn_fig13.png Graphic file (type png)
<use images/gnn_fig13.png>
Package pdftex.def Info: images/gnn_fig13.png  used on input line 516.
(pdftex.def)             Requested size: 374.86775pt x 145.5226pt.
<images/gnn_fig14.png, id=1832, 1003.46895pt x 389.17395pt>
File: images/gnn_fig14.png Graphic file (type png)
<use images/gnn_fig14.png>
Package pdftex.def Info: images/gnn_fig14.png  used on input line 542.
(pdftex.def)             Requested size: 374.86775pt x 145.3876pt.


Package fancyhdr Warning: \headheight is too small (15.0pt): 
(fancyhdr)                Make it at least 25.22153pt, for example:
(fancyhdr)                \setlength{\headheight}{25.22153pt}.
(fancyhdr)                You might also make \topmargin smaller:
(fancyhdr)                \addtolength{\topmargin}{-10.22153pt}.

[83 <./images/gnn_fig12.png> <./images/gnn_fig13.png>]
<images/gnn_fig15.png, id=1840, 673.5564pt x 496.85625pt>
File: images/gnn_fig15.png Graphic file (type png)
<use images/gnn_fig15.png>
Package pdftex.def Info: images/gnn_fig15.png  used on input line 551.
(pdftex.def)             Requested size: 374.86775pt x 276.53178pt.


Package fancyhdr Warning: \headheight is too small (15.0pt): 
(fancyhdr)                Make it at least 25.22153pt, for example:
(fancyhdr)                \setlength{\headheight}{25.22153pt}.
(fancyhdr)                You might also make \topmargin smaller:
(fancyhdr)                \addtolength{\topmargin}{-10.22153pt}.

[84 <./images/gnn_fig14.png> <./images/gnn_fig15.png>]
<images/gnn_fig16.png, id=1848, 859.65166pt x 424.58624pt>
File: images/gnn_fig16.png Graphic file (type png)
<use images/gnn_fig16.png>
Package pdftex.def Info: images/gnn_fig16.png  used on input line 582.
(pdftex.def)             Requested size: 374.86775pt x 185.1535pt.

Overfull \hbox (3.7065pt too wide) in paragraph at lines 603--603
[]|\T1/cmr/bx/n/10.95 Configuration| 
 []


Underfull \hbox (badness 10000) in paragraph at lines 603--603
[]|$\OML/cmm/m/it/10.95 ^^M$\T1/cmr/m/n/10.95 =1.0, C=2,
 []


Underfull \hbox (badness 10000) in paragraph at lines 603--603
[]|$\OML/cmm/m/it/10.95 ^^M$\T1/cmr/m/n/10.95 =0.2, C=3,
 []


Underfull \hbox (badness 10000) in paragraph at lines 603--603
[]|$\OML/cmm/m/it/10.95 ^^M$\T1/cmr/m/n/10.95 =0.6, C=3,
 []


Underfull \hbox (badness 10000) in paragraph at lines 603--603
[]|$\OML/cmm/m/it/10.95 ^^M$\T1/cmr/m/n/10.95 =0.8, C=2,
 []


Underfull \hbox (badness 10000) in paragraph at lines 603--603
[]|$\OML/cmm/m/it/10.95 ^^M$\T1/cmr/m/n/10.95 =0.2, C=3,
 []


Overfull \hbox (19.85168pt too wide) in paragraph at lines 608--609
\T1/cmr/m/n/12 The cross-version fair-ness study eval-u-ates the Graph-SAGE ar-
chi-tec-ture (hid-den_dim=128)
 []


Package fancyhdr Warning: \headheight is too small (15.0pt): 
(fancyhdr)                Make it at least 25.22153pt, for example:
(fancyhdr)                \setlength{\headheight}{25.22153pt}.
(fancyhdr)                You might also make \topmargin smaller:
(fancyhdr)                \addtolength{\topmargin}{-10.22153pt}.

[85 <./images/gnn_fig16.png>]

Package fancyhdr Warning: \headheight is too small (15.0pt): 
(fancyhdr)                Make it at least 25.22153pt, for example:
(fancyhdr)                \setlength{\headheight}{25.22153pt}.
(fancyhdr)                You might also make \topmargin smaller:
(fancyhdr)                \addtolength{\topmargin}{-10.22153pt}.

[86]
<images/gnn_fig17.png, id=1858, 859.2903pt x 426.393pt>
File: images/gnn_fig17.png Graphic file (type png)
<use images/gnn_fig17.png>
Package pdftex.def Info: images/gnn_fig17.png  used on input line 725.
(pdftex.def)             Requested size: 374.86775pt x 186.01295pt.


Package fancyhdr Warning: \headheight is too small (15.0pt): 
(fancyhdr)                Make it at least 25.22153pt, for example:
(fancyhdr)                \setlength{\headheight}{25.22153pt}.
(fancyhdr)                You might also make \topmargin smaller:
(fancyhdr)                \addtolength{\topmargin}{-10.22153pt}.

[87]
<images/gnn_fig18.png, id=1863, 859.2903pt x 426.393pt>
File: images/gnn_fig18.png Graphic file (type png)
<use images/gnn_fig18.png>
Package pdftex.def Info: images/gnn_fig18.png  used on input line 732.
(pdftex.def)             Requested size: 374.86775pt x 186.01295pt.
<images/gnn_fig19.png, id=1864, 859.2903pt x 498.30165pt>
File: images/gnn_fig19.png Graphic file (type png)
<use images/gnn_fig19.png>
Package pdftex.def Info: images/gnn_fig19.png  used on input line 739.
(pdftex.def)             Requested size: 374.86775pt x 217.38295pt.


Package fancyhdr Warning: \headheight is too small (15.0pt): 
(fancyhdr)                Make it at least 25.22153pt, for example:
(fancyhdr)                \setlength{\headheight}{25.22153pt}.
(fancyhdr)                You might also make \topmargin smaller:
(fancyhdr)                \addtolength{\topmargin}{-10.22153pt}.

[88 <./images/gnn_fig17.png> <./images/gnn_fig18.png>]
<images/gnn_fig20.png, id=1871, 714.7503pt x 426.393pt>
File: images/gnn_fig20.png Graphic file (type png)
<use images/gnn_fig20.png>
Package pdftex.def Info: images/gnn_fig20.png  used on input line 746.
(pdftex.def)             Requested size: 374.86775pt x 223.63846pt.
<images/gnn_fig21.png, id=1872, 701.7417pt x 580.3281pt>
File: images/gnn_fig21.png Graphic file (type png)
<use images/gnn_fig21.png>
Package pdftex.def Info: images/gnn_fig21.png  used on input line 753.
(pdftex.def)             Requested size: 330.76329pt x 273.54234pt.


Package fancyhdr Warning: \headheight is too small (15.0pt): 
(fancyhdr)                Make it at least 25.22153pt, for example:
(fancyhdr)                \setlength{\headheight}{25.22153pt}.
(fancyhdr)                You might also make \topmargin smaller:
(fancyhdr)                \addtolength{\topmargin}{-10.22153pt}.

[89 <./images/gnn_fig19.png> <./images/gnn_fig20.png>]
<images/gnn_fig22.png, id=1879, 797.49945pt x 353.03896pt>
File: images/gnn_fig22.png Graphic file (type png)
<use images/gnn_fig22.png>
Package pdftex.def Info: images/gnn_fig22.png  used on input line 760.
(pdftex.def)             Requested size: 374.86775pt x 165.94987pt.


Package fancyhdr Warning: \headheight is too small (15.0pt): 
(fancyhdr)                Make it at least 25.22153pt, for example:
(fancyhdr)                \setlength{\headheight}{25.22153pt}.
(fancyhdr)                You might also make \topmargin smaller:
(fancyhdr)                \addtolength{\topmargin}{-10.22153pt}.

[90 <./images/gnn_fig21.png> <./images/gnn_fig22.png>]
<images/gnn_fig23.png, id=1887, 831.46635pt x 324.4923pt>
File: images/gnn_fig23.png Graphic file (type png)
<use images/gnn_fig23.png>
Package pdftex.def Info: images/gnn_fig23.png  used on input line 807.
(pdftex.def)             Requested size: 374.86775pt x 146.3024pt.
<images/gnn_fig24.png, id=1888, 748.7172pt x 278.60085pt>
File: images/gnn_fig24.png Graphic file (type png)
<use images/gnn_fig24.png>
Package pdftex.def Info: images/gnn_fig24.png  used on input line 814.
(pdftex.def)             Requested size: 374.86775pt x 139.49136pt.


Package fancyhdr Warning: \headheight is too small (15.0pt): 
(fancyhdr)                Make it at least 25.22153pt, for example:
(fancyhdr)                \setlength{\headheight}{25.22153pt}.
(fancyhdr)                You might also make \topmargin smaller:
(fancyhdr)                \addtolength{\topmargin}{-10.22153pt}.

[91 <./images/gnn_fig23.png>]
<images/gnn_fig25.png, id=1894, 567.3195pt x 495.7722pt>
File: images/gnn_fig25.png Graphic file (type png)
<use images/gnn_fig25.png>
Package pdftex.def Info: images/gnn_fig25.png  used on input line 821.
(pdftex.def)             Requested size: 374.86775pt x 327.5889pt.
<images/gnn_fig26.png, id=1895, 714.7503pt x 353.03896pt>
File: images/gnn_fig26.png Graphic file (type png)
<use images/gnn_fig26.png>
Package pdftex.def Info: images/gnn_fig26.png  used on input line 828.
(pdftex.def)             Requested size: 374.86775pt x 185.16507pt.


Package fancyhdr Warning: \headheight is too small (15.0pt): 
(fancyhdr)                Make it at least 25.22153pt, for example:
(fancyhdr)                \setlength{\headheight}{25.22153pt}.
(fancyhdr)                You might also make \topmargin smaller:
(fancyhdr)                \addtolength{\topmargin}{-10.22153pt}.

[92 <./images/gnn_fig24.png> <./images/gnn_fig25.png>]
<images/gnn_fig27.png, id=1902, 985.7628pt x 370.7451pt>
File: images/gnn_fig27.png Graphic file (type png)
<use images/gnn_fig27.png>
Package pdftex.def Info: images/gnn_fig27.png  used on input line 835.
(pdftex.def)             Requested size: 374.86775pt x 140.98642pt.
<images/gnn_fig28.png, id=1904, 1003.46895pt x 497.57895pt>
File: images/gnn_fig28.png Graphic file (type png)
<use images/gnn_fig28.png>
Package pdftex.def Info: images/gnn_fig28.png  used on input line 866.
(pdftex.def)             Requested size: 374.86775pt x 185.88554pt.


Package fancyhdr Warning: \headheight is too small (15.0pt): 
(fancyhdr)                Make it at least 25.22153pt, for example:
(fancyhdr)                \setlength{\headheight}{25.22153pt}.
(fancyhdr)                You might also make \topmargin smaller:
(fancyhdr)                \addtolength{\topmargin}{-10.22153pt}.

[93 <./images/gnn_fig26.png> <./images/gnn_fig27.png>]
<images/gnn_fig29.png, id=1911, 558.28575pt x 443.37645pt>
File: images/gnn_fig29.png Graphic file (type png)
<use images/gnn_fig29.png>
Package pdftex.def Info: images/gnn_fig29.png  used on input line 873.
(pdftex.def)             Requested size: 330.76329pt x 262.67905pt.


Package fancyhdr Warning: \headheight is too small (15.0pt): 
(fancyhdr)                Make it at least 25.22153pt, for example:
(fancyhdr)                \setlength{\headheight}{25.22153pt}.
(fancyhdr)                You might also make \topmargin smaller:
(fancyhdr)                \addtolength{\topmargin}{-10.22153pt}.

[94 <./images/gnn_fig28.png> <./images/gnn_fig29.png>]

Package fancyhdr Warning: \headheight is too small (15.0pt): 
(fancyhdr)                Make it at least 25.22153pt, for example:
(fancyhdr)                \setlength{\headheight}{25.22153pt}.
(fancyhdr)                You might also make \topmargin smaller:
(fancyhdr)                \addtolength{\topmargin}{-10.22153pt}.

[95]

Package fancyhdr Warning: \headheight is too small (15.0pt): 
(fancyhdr)                Make it at least 25.22153pt, for example:
(fancyhdr)                \setlength{\headheight}{25.22153pt}.
(fancyhdr)                You might also make \topmargin smaller:
(fancyhdr)                \addtolength{\topmargin}{-10.22153pt}.

[96]) (chapters/ch06_pipeline_snn.tex

Package fancyhdr Warning: \headheight is too small (15.0pt): 
(fancyhdr)                Make it at least 25.22153pt, for example:
(fancyhdr)                \setlength{\headheight}{25.22153pt}.
(fancyhdr)                You might also make \topmargin smaller:
(fancyhdr)                \addtolength{\topmargin}{-10.22153pt}.

[97]
Chapter 6.
[98

]

Package fancyhdr Warning: \headheight is too small (15.0pt): 
(fancyhdr)                Make it at least 25.22153pt, for example:
(fancyhdr)                \setlength{\headheight}{25.22153pt}.
(fancyhdr)                You might also make \topmargin smaller:
(fancyhdr)                \addtolength{\topmargin}{-10.22153pt}.

[99]

Package fancyhdr Warning: \headheight is too small (15.0pt): 
(fancyhdr)                Make it at least 25.22153pt, for example:
(fancyhdr)                \setlength{\headheight}{25.22153pt}.
(fancyhdr)                You might also make \topmargin smaller:
(fancyhdr)                \addtolength{\topmargin}{-10.22153pt}.

[100]
Underfull \hbox (badness 2818) in paragraph at lines 68--68
[]|\T1/cmr/m/n/10.95 Ion chan-nel ki-
 []


Overfull \hbox (3.313pt too wide) in paragraph at lines 68--68
[]|\T1/cmr/m/n/10.95 Phenomenological| 
 []


Package fancyhdr Warning: \headheight is too small (15.0pt): 
(fancyhdr)                Make it at least 25.22153pt, for example:
(fancyhdr)                \setlength{\headheight}{25.22153pt}.
(fancyhdr)                You might also make \topmargin smaller:
(fancyhdr)                \addtolength{\topmargin}{-10.22153pt}.

[101]

Package fancyhdr Warning: \headheight is too small (15.0pt): 
(fancyhdr)                Make it at least 25.22153pt, for example:
(fancyhdr)                \setlength{\headheight}{25.22153pt}.
(fancyhdr)                You might also make \topmargin smaller:
(fancyhdr)                \addtolength{\topmargin}{-10.22153pt}.

[102]
Underfull \hbox (badness 10000) in paragraph at lines 142--142
[]|\T1/cmr/m/n/10.95 Time-varying
 []


Underfull \hbox (badness 4832) in paragraph at lines 142--142
[]|\T1/cmr/m/n/10.95 Oscillatory sys-
 []


Underfull \hbox (badness 10000) in paragraph at lines 142--142
[]|\T1/cmr/m/n/10.95 Low (many
 []


Package fancyhdr Warning: \headheight is too small (15.0pt): 
(fancyhdr)                Make it at least 25.22153pt, for example:
(fancyhdr)                \setlength{\headheight}{25.22153pt}.
(fancyhdr)                You might also make \topmargin smaller:
(fancyhdr)                \addtolength{\topmargin}{-10.22153pt}.

[103]
Overfull \hbox (21.9608pt too wide) in paragraph at lines 190--191
[]\T1/cmr/bx/n/12 Phase 1---Data San-i-ta-tion: \T1/cmr/m/n/12 Col-umn names ar
e san-i-tized to re-place non-alphanumeric
 []


Package fancyhdr Warning: \headheight is too small (15.0pt): 
(fancyhdr)                Make it at least 25.22153pt, for example:
(fancyhdr)                \setlength{\headheight}{25.22153pt}.
(fancyhdr)                You might also make \topmargin smaller:
(fancyhdr)                \addtolength{\topmargin}{-10.22153pt}.

[104]

Package fancyhdr Warning: \headheight is too small (15.0pt): 
(fancyhdr)                Make it at least 25.22153pt, for example:
(fancyhdr)                \setlength{\headheight}{25.22153pt}.
(fancyhdr)                You might also make \topmargin smaller:
(fancyhdr)                \addtolength{\topmargin}{-10.22153pt}.

[105]

Package fancyhdr Warning: \headheight is too small (15.0pt): 
(fancyhdr)                Make it at least 25.22153pt, for example:
(fancyhdr)                \setlength{\headheight}{25.22153pt}.
(fancyhdr)                You might also make \topmargin smaller:
(fancyhdr)                \addtolength{\topmargin}{-10.22153pt}.

[106]

Package fancyhdr Warning: \headheight is too small (15.0pt): 
(fancyhdr)                Make it at least 25.22153pt, for example:
(fancyhdr)                \setlength{\headheight}{25.22153pt}.
(fancyhdr)                You might also make \topmargin smaller:
(fancyhdr)                \addtolength{\topmargin}{-10.22153pt}.

[107]
Underfull \hbox (badness 10000) in paragraph at lines 370--370
[]|$\OML/cmm/m/it/10.95 ^^L$\T1/cmr/m/n/10.95 =learnable,
 []


Underfull \hbox (badness 10000) in paragraph at lines 370--370
[]|$\OML/cmm/m/it/10.95 ^^L$\T1/cmr/m/n/10.95 =learnable,
 []


Underfull \hbox (badness 10000) in paragraph at lines 370--370
[]|$\OML/cmm/m/it/10.95 ^^L$\T1/cmr/m/n/10.95 =learnable,
 []


Underfull \hbox (badness 10000) in paragraph at lines 370--370
[]|$\OML/cmm/m/it/10.95 ^^L$\T1/cmr/m/n/10.95 =learnable,
 []


Underfull \hbox (badness 10000) in paragraph at lines 370--370
[]|\T1/cmr/m/n/10.95 Output (no
 []


Package fancyhdr Warning: \headheight is too small (15.0pt): 
(fancyhdr)                Make it at least 25.22153pt, for example:
(fancyhdr)                \setlength{\headheight}{25.22153pt}.
(fancyhdr)                You might also make \topmargin smaller:
(fancyhdr)                \addtolength{\topmargin}{-10.22153pt}.

[108]
Overfull \hbox (16.5982pt too wide) in paragraph at lines 441--442
\T1/cmr/m/n/12 be-cause the stochas-tic spike gen-er-a-tion acts as an im-plici
t data aug-men-ta-tion mechanism---
 []


Package fancyhdr Warning: \headheight is too small (15.0pt): 
(fancyhdr)                Make it at least 25.22153pt, for example:
(fancyhdr)                \setlength{\headheight}{25.22153pt}.
(fancyhdr)                You might also make \topmargin smaller:
(fancyhdr)                \addtolength{\topmargin}{-10.22153pt}.

[109]

Package fancyhdr Warning: \headheight is too small (15.0pt): 
(fancyhdr)                Make it at least 25.22153pt, for example:
(fancyhdr)                \setlength{\headheight}{25.22153pt}.
(fancyhdr)                You might also make \topmargin smaller:
(fancyhdr)                \addtolength{\topmargin}{-10.22153pt}.

[110]

Package fancyhdr Warning: \headheight is too small (15.0pt): 
(fancyhdr)                Make it at least 25.22153pt, for example:
(fancyhdr)                \setlength{\headheight}{25.22153pt}.
(fancyhdr)                You might also make \topmargin smaller:
(fancyhdr)                \addtolength{\topmargin}{-10.22153pt}.

[111]

LaTeX Warning: Citation 'uwaoma2022revisiting' on page 112 undefined on input l
ine 597.


Package fancyhdr Warning: \headheight is too small (15.0pt): 
(fancyhdr)                Make it at least 25.22153pt, for example:
(fancyhdr)                \setlength{\headheight}{25.22153pt}.
(fancyhdr)                You might also make \topmargin smaller:
(fancyhdr)                \addtolength{\topmargin}{-10.22153pt}.

[112]

Package fancyhdr Warning: \headheight is too small (15.0pt): 
(fancyhdr)                Make it at least 25.22153pt, for example:
(fancyhdr)                \setlength{\headheight}{25.22153pt}.
(fancyhdr)                You might also make \topmargin smaller:
(fancyhdr)                \addtolength{\topmargin}{-10.22153pt}.

[113]

Package fancyhdr Warning: \headheight is too small (15.0pt): 
(fancyhdr)                Make it at least 25.22153pt, for example:
(fancyhdr)                \setlength{\headheight}{25.22153pt}.
(fancyhdr)                You might also make \topmargin smaller:
(fancyhdr)                \addtolength{\topmargin}{-10.22153pt}.

[114

]
Overfull \hbox (18.99504pt too wide) in paragraph at lines 666--666
[]|\T1/cmr/bx/n/10.95 Model| 
 []


Overfull \hbox (35.86588pt too wide) in paragraph at lines 666--666
[]|\T1/cmr/m/n/10.95 LightGBM| 
 []


Overfull \hbox (94.76094pt too wide) in paragraph at lines 666--666
[]|\T1/cmr/m/n/10.95 FraudSNN_SuperDeep| 
 []


Overfull \hbox (24.45433pt too wide) in paragraph at lines 666--666
[]|\T1/cmr/m/n/10.95 Random
 []


Overfull \hbox (3.8951pt too wide) in paragraph at lines 666--666
\T1/cmr/m/n/10.95 For-
 []


Overfull \hbox (25.28023pt too wide) in paragraph at lines 666--666
[]|\T1/cmr/m/n/10.95 Isolation
 []


Overfull \hbox (3.8951pt too wide) in paragraph at lines 666--666
\T1/cmr/m/n/10.95 For-
 []

<images/snn_fig_04.png, id=2056, 617.4267pt x 392.4261pt>
File: images/snn_fig_04.png Graphic file (type png)
<use images/snn_fig_04.png>
Package pdftex.def Info: images/snn_fig_04.png  used on input line 673.
(pdftex.def)             Requested size: 374.86775pt x 238.26581pt.

Package fancyhdr Warning: \headheight is too small (15.0pt): 
(fancyhdr)                Make it at least 25.22153pt, for example:
(fancyhdr)                \setlength{\headheight}{25.22153pt}.
(fancyhdr)                You might also make \topmargin smaller:
(fancyhdr)                \addtolength{\topmargin}{-10.22153pt}.

[115

]
<images/snn_fig_05.png, id=2061, 516.9714pt x 332.9238pt>
File: images/snn_fig_05.png Graphic file (type png)
<use images/snn_fig_05.png>
Package pdftex.def Info: images/snn_fig_05.png  used on input line 689.
(pdftex.def)             Requested size: 374.86775pt x 241.40674pt.


Package fancyhdr Warning: \headheight is too small (15.0pt): 
(fancyhdr)                Make it at least 25.22153pt, for example:
(fancyhdr)                \setlength{\headheight}{25.22153pt}.
(fancyhdr)                You might also make \topmargin smaller:
(fancyhdr)                \addtolength{\topmargin}{-10.22153pt}.

[116 <./images/snn_fig_04.png>]
Overfull \hbox (2.82794pt too wide) in paragraph at lines 706--707
\T1/cmr/m/n/12 pos-sesses gen-uine dis-crim-i-na-tive ca-pa-bil-ity for fraud d
e-tec-tion, out-per-form-ing the strong
 []


Package fancyhdr Warning: \headheight is too small (15.0pt): 
(fancyhdr)                Make it at least 25.22153pt, for example:
(fancyhdr)                \setlength{\headheight}{25.22153pt}.
(fancyhdr)                You might also make \topmargin smaller:
(fancyhdr)                \addtolength{\topmargin}{-10.22153pt}.

[117 <./images/snn_fig_05.png>]

Package fancyhdr Warning: \headheight is too small (15.0pt): 
(fancyhdr)                Make it at least 25.22153pt, for example:
(fancyhdr)                \setlength{\headheight}{25.22153pt}.
(fancyhdr)                You might also make \topmargin smaller:
(fancyhdr)                \addtolength{\topmargin}{-10.22153pt}.

[118]

Package fancyhdr Warning: \headheight is too small (15.0pt): 
(fancyhdr)                Make it at least 25.22153pt, for example:
(fancyhdr)                \setlength{\headheight}{25.22153pt}.
(fancyhdr)                You might also make \topmargin smaller:
(fancyhdr)                \addtolength{\topmargin}{-10.22153pt}.

[119]
Overfull \hbox (13.26224pt too wide) in paragraph at lines 765--765
[]|\T1/cmr/bx/n/10.95 FraudSNN_SuperDeep| 
 []


Underfull \hbox (badness 10000) in paragraph at lines 765--765
[]|\T1/cmr/m/n/10.95 Population cod-ing
 []


Package fancyhdr Warning: \headheight is too small (15.0pt): 
(fancyhdr)                Make it at least 25.22153pt, for example:
(fancyhdr)                \setlength{\headheight}{25.22153pt}.
(fancyhdr)                You might also make \topmargin smaller:
(fancyhdr)                \addtolength{\topmargin}{-10.22153pt}.

[120]
Overfull \hbox (22.01462pt too wide) in paragraph at lines 804--805
\T1/cmr/m/n/12 SNN fea-si-bil-ity for tab-u-lar fraud de-tec-tion. On the pos-i
-tive side, the Fraud-SNN_SuperDeep
 []


Package fancyhdr Warning: \headheight is too small (15.0pt): 
(fancyhdr)                Make it at least 25.22153pt, for example:
(fancyhdr)                \setlength{\headheight}{25.22153pt}.
(fancyhdr)                You might also make \topmargin smaller:
(fancyhdr)                \addtolength{\topmargin}{-10.22153pt}.

[121]
<images/snn_fig_06.png, id=2096, 402.303pt x 392.4261pt>
File: images/snn_fig_06.png Graphic file (type png)
<use images/snn_fig_06.png>
Package pdftex.def Info: images/snn_fig_06.png  used on input line 812.
(pdftex.def)             Requested size: 374.86775pt x 365.68303pt.


Package fancyhdr Warning: \headheight is too small (15.0pt): 
(fancyhdr)                Make it at least 25.22153pt, for example:
(fancyhdr)                \setlength{\headheight}{25.22153pt}.
(fancyhdr)                You might also make \topmargin smaller:
(fancyhdr)                \addtolength{\topmargin}{-10.22153pt}.

[122]
<images/snn_fig_07.png, id=2101, 508.5399pt x 336.7782pt>
File: images/snn_fig_07.png Graphic file (type png)
<use images/snn_fig_07.png>
Package pdftex.def Info: images/snn_fig_07.png  used on input line 819.
(pdftex.def)             Requested size: 374.86775pt x 248.25613pt.


Package fancyhdr Warning: \headheight is too small (15.0pt): 
(fancyhdr)                Make it at least 25.22153pt, for example:
(fancyhdr)                \setlength{\headheight}{25.22153pt}.
(fancyhdr)                You might also make \topmargin smaller:
(fancyhdr)                \addtolength{\topmargin}{-10.22153pt}.

[123 <./images/snn_fig_06.png>]

Package fancyhdr Warning: \headheight is too small (15.0pt): 
(fancyhdr)                Make it at least 25.22153pt, for example:
(fancyhdr)                \setlength{\headheight}{25.22153pt}.
(fancyhdr)                You might also make \topmargin smaller:
(fancyhdr)                \addtolength{\topmargin}{-10.22153pt}.

[124 <./images/snn_fig_07.png>]) (chapters/ch07_pipeline_autoencoders.tex

Package fancyhdr Warning: \headheight is too small (15.0pt): 
(fancyhdr)                Make it at least 25.22153pt, for example:
(fancyhdr)                \setlength{\headheight}{25.22153pt}.
(fancyhdr)                You might also make \topmargin smaller:
(fancyhdr)                \addtolength{\topmargin}{-10.22153pt}.

[125]
Chapter 7.

Package hyperref Warning: Difference (2) between bookmark levels is greater 
(hyperref)                than one, level fixed on input line 56.

[126

]

Package fancyhdr Warning: \headheight is too small (15.0pt): 
(fancyhdr)                Make it at least 38.82153pt, for example:
(fancyhdr)                \setlength{\headheight}{38.82153pt}.
(fancyhdr)                You might also make \topmargin smaller:
(fancyhdr)                \addtolength{\topmargin}{-23.82153pt}.

[127]

Package fancyhdr Warning: \headheight is too small (15.0pt): 
(fancyhdr)                Make it at least 38.82153pt, for example:
(fancyhdr)                \setlength{\headheight}{38.82153pt}.
(fancyhdr)                You might also make \topmargin smaller:
(fancyhdr)                \addtolength{\topmargin}{-23.82153pt}.

[128]

Package fancyhdr Warning: \headheight is too small (15.0pt): 
(fancyhdr)                Make it at least 38.82153pt, for example:
(fancyhdr)                \setlength{\headheight}{38.82153pt}.
(fancyhdr)                You might also make \topmargin smaller:
(fancyhdr)                \addtolength{\topmargin}{-23.82153pt}.

[129]

Package fancyhdr Warning: \headheight is too small (15.0pt): 
(fancyhdr)                Make it at least 38.82153pt, for example:
(fancyhdr)                \setlength{\headheight}{38.82153pt}.
(fancyhdr)                You might also make \topmargin smaller:
(fancyhdr)                \addtolength{\topmargin}{-23.82153pt}.

[130]
Overfull \hbox (18.33899pt too wide) in paragraph at lines 131--132
\T1/cmr/m/n/12 Tab-u-lar Swap Noise as our on-line data aug-men-ta-tion mech-a-
nism. Let $\OT1/cmr/bx/n/12 x \OT1/cmr/m/n/12 = (\OML/cmm/m/it/12 x[]; x[]; [] 
; x[]\OT1/cmr/m/n/12 )[]$
 []

<images/AE/page6_img1.png, id=2160, 1541.76pt x 137.7647pt>
File: images/AE/page6_img1.png Graphic file (type png)
<use images/AE/page6_img1.png>
Package pdftex.def Info: images/AE/page6_img1.png  used on input line 141.
(pdftex.def)             Requested size: 418.96548pt x 37.4366pt.

Package fancyhdr Warning: \headheight is too small (15.0pt): 
(fancyhdr)                Make it at least 38.82153pt, for example:
(fancyhdr)                \setlength{\headheight}{38.82153pt}.
(fancyhdr)                You might also make \topmargin smaller:
(fancyhdr)                \addtolength{\topmargin}{-23.82153pt}.

[131]
Overfull \hbox (12.13815pt too wide) in paragraph at lines 152--152
|[]\T1/cmr/bx/n/12 Variational Au-toen-coders (VAEs) and Prob-a-bilis-tic Man-i
-fold Topolo-
 []


Package fancyhdr Warning: \headheight is too small (15.0pt): 
(fancyhdr)                Make it at least 38.82153pt, for example:
(fancyhdr)                \setlength{\headheight}{38.82153pt}.
(fancyhdr)                You might also make \topmargin smaller:
(fancyhdr)                \addtolength{\topmargin}{-23.82153pt}.

[132 <./images/AE/page6_img1.png (PNG copy)>]
<images/AE/page8_img1.png, id=2175, 539.76656pt x 295.1025pt>
File: images/AE/page8_img1.png Graphic file (type png)
<use images/AE/page8_img1.png>
Package pdftex.def Info: images/AE/page8_img1.png  used on input line 168.
(pdftex.def)             Requested size: 418.96548pt x 229.06229pt.


Package fancyhdr Warning: \headheight is too small (15.0pt): 
(fancyhdr)                Make it at least 38.82153pt, for example:
(fancyhdr)                \setlength{\headheight}{38.82153pt}.
(fancyhdr)                You might also make \topmargin smaller:
(fancyhdr)                \addtolength{\topmargin}{-23.82153pt}.

[133 <./images/AE/page8_img1.png (PNG copy)>]

Package fancyhdr Warning: \headheight is too small (15.0pt): 
(fancyhdr)                Make it at least 38.82153pt, for example:
(fancyhdr)                \setlength{\headheight}{38.82153pt}.
(fancyhdr)                You might also make \topmargin smaller:
(fancyhdr)                \addtolength{\topmargin}{-23.82153pt}.

[134]
Overfull \hbox (4.24301pt too wide) in paragraph at lines 218--219
[]\T1/cmr/bx/n/12 Global Re-duc-tion Anomaly Scores ($\OML/cmm/m/it/12 s[]$\T1/
cmr/bx/n/12 ): \T1/cmr/m/n/12 The row-wise scalar Mean Squared
 []

<images/AE/page10_img1.png, id=2191, 1541.76pt x 1541.76pt>
File: images/AE/page10_img1.png Graphic file (type png)
<use images/AE/page10_img1.png>
Package pdftex.def Info: images/AE/page10_img1.png  used on input line 235.
(pdftex.def)             Requested size: 418.96548pt x 418.96265pt.

Package fancyhdr Warning: \headheight is too small (15.0pt): 
(fancyhdr)                Make it at least 38.82153pt, for example:
(fancyhdr)                \setlength{\headheight}{38.82153pt}.
(fancyhdr)                You might also make \topmargin smaller:
(fancyhdr)                \addtolength{\topmargin}{-23.82153pt}.

[135]

Package fancyhdr Warning: \headheight is too small (15.0pt): 
(fancyhdr)                Make it at least 38.82153pt, for example:
(fancyhdr)                \setlength{\headheight}{38.82153pt}.
(fancyhdr)                You might also make \topmargin smaller:
(fancyhdr)                \addtolength{\topmargin}{-23.82153pt}.

[136 <./images/AE/page10_img1.png (PNG copy)>]
<images/AE/page11_img1.png, id=2206, 617.30624pt x 337.26pt>
File: images/AE/page11_img1.png Graphic file (type png)
<use images/AE/page11_img1.png>
Package pdftex.def Info: images/AE/page11_img1.png  used on input line 248.
(pdftex.def)             Requested size: 418.96548pt x 228.90663pt.
<images/AE/page12_img1.png, id=2207, 617.30624pt x 337.26pt>
File: images/AE/page12_img1.png Graphic file (type png)
<use images/AE/page12_img1.png>
Package pdftex.def Info: images/AE/page12_img1.png  used on input line 255.
(pdftex.def)             Requested size: 418.96548pt x 228.90663pt.
<images/AE/page12_img2.png, id=2209, 617.30624pt x 337.26pt>
File: images/AE/page12_img2.png Graphic file (type png)
<use images/AE/page12_img2.png>
Package pdftex.def Info: images/AE/page12_img2.png  used on input line 266.
(pdftex.def)             Requested size: 418.96548pt x 228.90663pt.


Package fancyhdr Warning: \headheight is too small (15.0pt): 
(fancyhdr)                Make it at least 38.82153pt, for example:
(fancyhdr)                \setlength{\headheight}{38.82153pt}.
(fancyhdr)                You might also make \topmargin smaller:
(fancyhdr)                \addtolength{\topmargin}{-23.82153pt}.

[137 <./images/AE/page11_img1.png (PNG copy)>]

Package fancyhdr Warning: \headheight is too small (15.0pt): 
(fancyhdr)                Make it at least 38.82153pt, for example:
(fancyhdr)                \setlength{\headheight}{38.82153pt}.
(fancyhdr)                You might also make \topmargin smaller:
(fancyhdr)                \addtolength{\topmargin}{-23.82153pt}.

[138 <./images/AE/page12_img1.png (PNG copy)> <./images/AE/page12_img2.png (PNG
 copy)>]

Package fancyhdr Warning: \headheight is too small (15.0pt): 
(fancyhdr)                Make it at least 38.82153pt, for example:
(fancyhdr)                \setlength{\headheight}{38.82153pt}.
(fancyhdr)                You might also make \topmargin smaller:
(fancyhdr)                \addtolength{\topmargin}{-23.82153pt}.

[139]

Package fancyhdr Warning: \headheight is too small (15.0pt): 
(fancyhdr)                Make it at least 38.82153pt, for example:
(fancyhdr)                \setlength{\headheight}{38.82153pt}.
(fancyhdr)                You might also make \topmargin smaller:
(fancyhdr)                \addtolength{\topmargin}{-23.82153pt}.

[140]
Overfull \hbox (35.31453pt too wide) in paragraph at lines 307--308
\T1/cmtt/m/n/12 velocity_24h\T1/cmr/m/n/12 ), or-di-nal scaled fea-tures (e.g.,
 \T1/cmtt/m/n/12 credit_risk_score\T1/cmr/m/n/12 , \T1/cmtt/m/n/12 proposed_cre
dit_limit\T1/cmr/m/n/12 ),
 []


Overfull \hbox (16.8343pt too wide) in paragraph at lines 307--308
\T1/cmr/m/n/12 cat-e-gor-i-cal nom-i-nal fea-tures (e.g., \T1/cmtt/m/n/12 payme
nt_type\T1/cmr/m/n/12 , \T1/cmtt/m/n/12 employment_status\T1/cmr/m/n/12 , \T1/c
mtt/m/n/12 housing_status\T1/cmr/m/n/12 ),
 []


Package fancyhdr Warning: \headheight is too small (15.0pt): 
(fancyhdr)                Make it at least 38.82153pt, for example:
(fancyhdr)                \setlength{\headheight}{38.82153pt}.
(fancyhdr)                You might also make \topmargin smaller:
(fancyhdr)                \addtolength{\topmargin}{-23.82153pt}.

[141]
Underfull \hbox (badness 1270) in paragraph at lines 352--352
[]|$\OT1/cmr/m/n/10.95 1 \OMS/cmsy/m/n/10.95 ^^B \OT1/cmr/m/n/10.95 10[]$ \T1/c
mr/m/n/10.95 (Fixed Co-ef-fi-
 []


Underfull \hbox (badness 1270) in paragraph at lines 352--352
[]|$\OT1/cmr/m/n/10.95 1 \OMS/cmsy/m/n/10.95 ^^B \OT1/cmr/m/n/10.95 10[]$ \T1/c
mr/m/n/10.95 (Fixed Co-ef-fi-
 []


Underfull \hbox (badness 10000) in paragraph at lines 352--352
[]|\T1/cmr/m/n/10.95 Dense(64, ReLU) $\OMS/cmsy/m/n/10.95 !$
 []


Underfull \hbox (badness 10000) in paragraph at lines 352--352
\T1/cmr/m/n/10.95 Dense(32, ReLU) $\OMS/cmsy/m/n/10.95 !$
 []


Underfull \hbox (badness 10000) in paragraph at lines 352--352
[]|\T1/cmr/m/n/10.95 Dense(128,
 []


Underfull \hbox (badness 10000) in paragraph at lines 352--352
\T1/cmr/m/n/10.95 BN+LeakyReLU)
 []


Underfull \hbox (badness 10000) in paragraph at lines 352--352
\OMS/cmsy/m/n/10.95 !$ \T1/cmr/m/n/10.95 Dense(64,
 []


Underfull \hbox (badness 10000) in paragraph at lines 352--352
\T1/cmr/m/n/10.95 BN+LeakyReLU) $\OMS/cmsy/m/n/10.95 !$
 []


Underfull \hbox (badness 6001) in paragraph at lines 352--352
[]|\T1/cmr/m/n/10.95 KL Di-ver-gence Penalty
 []


Package fancyhdr Warning: \headheight is too small (15.0pt): 
(fancyhdr)                Make it at least 38.82153pt, for example:
(fancyhdr)                \setlength{\headheight}{38.82153pt}.
(fancyhdr)                You might also make \topmargin smaller:
(fancyhdr)                \addtolength{\topmargin}{-23.82153pt}.

[142]
Overfull \hbox (82.31276pt too wide) in alignment at lines 394--394
[] [] [] [] [] 
 []


Package fancyhdr Warning: \headheight is too small (15.0pt): 
(fancyhdr)                Make it at least 38.82153pt, for example:
(fancyhdr)                \setlength{\headheight}{38.82153pt}.
(fancyhdr)                You might also make \topmargin smaller:
(fancyhdr)                \addtolength{\topmargin}{-23.82153pt}.

[143]
<images/AE/page17_img1.png, id=2261, 317.68687pt x 319.1925pt>
File: images/AE/page17_img1.png Graphic file (type png)
<use images/AE/page17_img1.png>
Package pdftex.def Info: images/AE/page17_img1.png  used on input line 403.
(pdftex.def)             Requested size: 264.61333pt x 265.88918pt.

Overfull \hbox (6.63129pt too wide) in paragraph at lines 410--411
\T1/cmr/m/n/12 When the VAE's un-su-per-vised score stream is routed into our f
irst hy-brid configuration---
 []


Package fancyhdr Warning: \headheight is too small (15.0pt): 
(fancyhdr)                Make it at least 38.82153pt, for example:
(fancyhdr)                \setlength{\headheight}{38.82153pt}.
(fancyhdr)                You might also make \topmargin smaller:
(fancyhdr)                \addtolength{\topmargin}{-23.82153pt}.

[144 <./images/AE/page17_img1.png (PNG copy)>]
<images/AE/page18_img1.png, id=2268, 317.68687pt x 310.15875pt>
File: images/AE/page18_img1.png Graphic file (type png)
<use images/AE/page18_img1.png>
Package pdftex.def Info: images/AE/page18_img1.png  used on input line 414.
(pdftex.def)             Requested size: 264.61333pt x 258.36401pt.
<images/AE/page19_img1.png, id=2269, 316.18124pt x 305.64188pt>
File: images/AE/page19_img1.png Graphic file (type png)
<use images/AE/page19_img1.png>
Package pdftex.def Info: images/AE/page19_img1.png  used on input line 425.
(pdftex.def)             Requested size: 264.61333pt x 255.80933pt.


Package fancyhdr Warning: \headheight is too small (15.0pt): 
(fancyhdr)                Make it at least 38.82153pt, for example:
(fancyhdr)                \setlength{\headheight}{38.82153pt}.
(fancyhdr)                You might also make \topmargin smaller:
(fancyhdr)                \addtolength{\topmargin}{-23.82153pt}.

[145 <./images/AE/page18_img1.png (PNG copy)>]
<images/AE/page20_img1.png, id=2276, 242.40562pt x 236.38312pt>
File: images/AE/page20_img1.png Graphic file (type png)
<use images/AE/page20_img1.png>
Package pdftex.def Info: images/AE/page20_img1.png  used on input line 436.
(pdftex.def)             Requested size: 264.61333pt x 258.07089pt.


Package fancyhdr Warning: \headheight is too small (15.0pt): 
(fancyhdr)                Make it at least 38.82153pt, for example:
(fancyhdr)                \setlength{\headheight}{38.82153pt}.
(fancyhdr)                You might also make \topmargin smaller:
(fancyhdr)                \addtolength{\topmargin}{-23.82153pt}.

[146 <./images/AE/page19_img1.png (PNG copy)>]

Package fancyhdr Warning: \headheight is too small (15.0pt): 
(fancyhdr)                Make it at least 38.82153pt, for example:
(fancyhdr)                \setlength{\headheight}{38.82153pt}.
(fancyhdr)                You might also make \topmargin smaller:
(fancyhdr)                \addtolength{\topmargin}{-23.82153pt}.

[147 <./images/AE/page20_img1.png (PNG copy)>]

Package fancyhdr Warning: \headheight is too small (15.0pt): 
(fancyhdr)                Make it at least 38.82153pt, for example:
(fancyhdr)                \setlength{\headheight}{38.82153pt}.
(fancyhdr)                You might also make \topmargin smaller:
(fancyhdr)                \addtolength{\topmargin}{-23.82153pt}.

[148]) (chapters/ch08_comparison.tex

Package fancyhdr Warning: \headheight is too small (15.0pt): 
(fancyhdr)                Make it at least 38.82153pt, for example:
(fancyhdr)                \setlength{\headheight}{38.82153pt}.
(fancyhdr)                You might also make \topmargin smaller:
(fancyhdr)                \addtolength{\topmargin}{-23.82153pt}.

[149]
Chapter 8.

Underfull \hbox (badness 10000) in paragraph at lines 27--27
[]|\T1/cmr/bx/n/10.95 SNN
 []


Underfull \hbox (badness 10000) in paragraph at lines 27--27
[]|\T1/cmr/bx/n/10.95 VAE-
 []

[150

]
Overfull \hbox (14.22954pt too wide) in paragraph at lines 34--35
[]\T1/cmr/m/n/12 The VAE-Stacked au-toen-coder pipeline achieves a test ROC AUC
 of 0.8868, marginally
 []

[151] [152]
Overfull \hbox (5.27908pt too wide) in paragraph at lines 101--101
[]|\T1/cmr/m/n/10.95 Experimental|  
 []

[153


] [154]
Underfull \hbox (badness 10000) in paragraph at lines 133--133
[]|\T1/cmr/bx/n/10.95 Split
 []


Underfull \hbox (badness 10000) in paragraph at lines 133--133
[]|\T1/cmr/bx/n/10.95 SNN
 []


Underfull \hbox (badness 10000) in paragraph at lines 133--133
[]|\T1/cmr/bx/n/10.95 VAE-
 []

[155] [156]
Underfull \hbox (badness 10000) in paragraph at lines 197--197
[]|\T1/cmr/bx/n/10.95 VAE-
 []


Underfull \hbox (badness 10000) in paragraph at lines 197--197
[]|\T1/cmr/bx/n/10.95 DAE-
 []

[157] [158] [159]) (chapters/ch09_conclusion.tex [160]
Chapter 9.

Overfull \hbox (30.75864pt too wide) in paragraph at lines 13--14
\T1/cmr/m/n/12 at-i-cally com-pared five deep learn-ing ar-chi-tec-tures across
 three paradigms---GraphSAGE
 []

[161

] [162]
Overfull \hbox (0.38814pt too wide) in paragraph at lines 38--39
[]\T1/cmr/bx/n/12 Fairness Con-cerns Across Pipelines: \T1/cmr/m/n/12 While the
 cross-version eval-u-a-tion demon-
 []

[163] [164] [165]
Overfull \hbox (6.50752pt too wide) in paragraph at lines 69--70
[]\T1/cmr/bx/n/12 Adversarial Ro-bust-ness: \T1/cmr/m/n/12 Eval-u-at-ing the ro
-bust-ness of all three pipelines against
 []

) (chapters/appA_ethics.tex [166]
Appendix A.
[167

] [168])
Overfull \hbox (13.81966pt too wide) in paragraph at lines 28--125
[]\T1/cmr/bx/n/12 Mitigation Strate-gies: \T1/cmr/m/n/12 Rec-om-mended mit-i-ga
-tion strate-gies across all three pipelines
 []

(chapters/appB_reproducibility.tex [169]
Appendix B.
[170

]
Overfull \hbox (29.21411pt too wide) in paragraph at lines 48--49
\T1/cmr/m/n/12 Note that full de-ter-min-ism on GPU re-quires set-ting \T1/cmtt
/m/n/12 torch.backends.cudnn.deterministic
 []

[171]) [172] (chapters/appC_genai.tex [173]
Appendix C.

Underfull \hbox (badness 2057) in paragraph at lines 23--23
[]|\T1/cmr/m/n/10.95 Implementation of GNN mod-
 []


Underfull \hbox (badness 3029) in paragraph at lines 23--23
\T1/cmr/m/n/10.95 til-la-tion), AE stack-ing frame-
 []


Underfull \hbox (badness 7433) in paragraph at lines 23--23
\T1/cmr/m/n/10.95 in-te-gra-tion), and the Fraud-
 []


Underfull \hbox (badness 2735) in paragraph at lines 23--23
[]|\T1/cmr/m/n/10.95 Identifying rel-e-vant pa-pers on
 []


Underfull \hbox (badness 1442) in paragraph at lines 23--23
\T1/cmr/m/n/10.95 de-tec-tion, and quan-tum graph
 []


Underfull \hbox (badness 10000) in paragraph at lines 23--23
\T1/cmr/m/n/10.95 for-mat-ting the cross-pipeline
 []


Underfull \hbox (badness 3849) in paragraph at lines 23--23
\T1/cmr/m/n/10.95 struc-tur-ing the Bib-TeX ref-er-
 []

[174

] [175]) (chapters/appD_extended_results.tex [176]
Appendix D.

LaTeX Warning: Reference `ch:pipeline-gnn' on page 177 undefined on input line 
4.


LaTeX Warning: Reference `ch:pipeline-autoencoders' on page 177 undefined on in
put line 4.


LaTeX Warning: Reference `ch:pipeline-gnn' on page 177 undefined on input line 
9.

[177

]

LaTeX Warning: Reference `ch:pipeline-gnn' on page 178 undefined on input line 
32.


Overfull \hbox (31.95128pt too wide) in paragraph at lines 39--49
 [][] 
 []


LaTeX Warning: Reference `ch:pipeline-autoencoders' on page 178 undefined on in
put line 54.

[178] [179]

LaTeX Warning: Reference `ch:pipeline-snn' on page 180 undefined on input line 
78.

) [180] (chapters/appE_dae_architecture.tex [181]
Appendix E.

LaTeX Warning: Reference `ch:pipeline-autoencoders' on page 182 undefined on in
put line 4.

[182

]

Package fancyhdr Warning: \headheight is too small (15.0pt): 
(fancyhdr)                Make it at least 25.22153pt, for example:
(fancyhdr)                \setlength{\headheight}{25.22153pt}.
(fancyhdr)                You might also make \topmargin smaller:
(fancyhdr)                \addtolength{\topmargin}{-10.22153pt}.

[183]

Package fancyhdr Warning: \headheight is too small (15.0pt): 
(fancyhdr)                Make it at least 25.22153pt, for example:
(fancyhdr)                \setlength{\headheight}{25.22153pt}.
(fancyhdr)                You might also make \topmargin smaller:
(fancyhdr)                \addtolength{\topmargin}{-10.22153pt}.

[184]) (chapters/appF_snn_math.tex

Package fancyhdr Warning: \headheight is too small (15.0pt): 
(fancyhdr)                Make it at least 25.22153pt, for example:
(fancyhdr)                \setlength{\headheight}{25.22153pt}.
(fancyhdr)                You might also make \topmargin smaller:
(fancyhdr)                \addtolength{\topmargin}{-10.22153pt}.

[185]
Appendix F.

LaTeX Warning: Reference `ch:pipeline-snn' on page 186 undefined on input line 
4.

[186

] [187] [188] [189]) (chapters/appG_gnn_algorithms.tex [190]
Appendix G.

LaTeX Warning: Reference `ch:pipeline-gnn' on page 191 undefined on input line 
4.

[191

]
Underfull \hbox (badness 2547) in paragraph at lines 30--31
[] [] \T1/cmr/m/n/12 En-code $\OML/cmm/m/it/12 h[]$ \T1/cmr/m/n/12 into quan-tu
m state via an-gle en-cod-ing: $\OMS/cmsy/m/n/12 j\OML/cmm/m/it/12  []\OMS/cmsy
/m/n/12 i \OT1/cmr/m/n/12 =
 []

[192]
Overfull \hbox (14.18503pt too wide) in paragraph at lines 60--61
[]\T1/cmr/m/n/12 The loss func-tion on line 23 is the weighted bi-nary cross-en
tropy, where the \T1/cmtt/m/n/12 pos_weight
 []

[193] [194]
Overfull \vbox (78.381pt too high) has occurred while \output is active []


[195]) [196] [197

]
Overfull \hbox (3.78294pt too wide) in paragraph at lines 147--147
\T1/cmr/m/n/12 ML eval-u-a-tion,'' in \T1/cmr/m/it/12 Ad-vances in Neu-ral In-f
or-ma-tion Pro-cess-ing Sys-tems (NeurIPS)
 []


Overfull \hbox (7.85281pt too wide) in paragraph at lines 147--147
\T1/cmr/m/n/12 tional net-works,'' in \T1/cmr/m/it/12 In-ter-na-tional Con-fer-
ence on Learn-ing Rep-re-sen-ta-tions (ICLR)\T1/cmr/m/n/12 ,
 []

[198]
Overfull \hbox (9.65546pt too wide) in paragraph at lines 147--147
[]\T1/cmr/m/n/12 Q. Nasif, V. Bal-a-sub-ra-ma-nian, and Z. Dong, ``Reinforcemen
t-guided hyper-heuristic
 []

[199] [200] (main.aux)
 ***********
LaTeX2e <2025-11-01>
L3 programming layer <2025-12-24>
 ***********


LaTeX Warning: There were undefined references.


LaTeX Warning: There were multiply-defined labels.

Package rerunfilecheck Info: File `main.out' has not changed.
(rerunfilecheck)             Checksum: 33CEA5A339E1F354BA36219FBAB4860F;37172.
Package logreq Info: Writing requests to 'main.run.xml'.
\openout1 = `main.run.xml'.

 ) 
Here is how much of TeX's memory you used:
 46159 strings out of 467871
 1024175 string characters out of 5427963
 1951944 words of memory out of 5000000
 73463 multiletter control sequences out of 15000+600000
 655906 words of font info for 110 fonts, out of 8000000 for 9000
 1141 hyphenation exceptions out of 8191
 88i,18n,94p,2223b,1674s stack positions out of 10000i,1000n,20000p,200000b,200000s
 <C:\Users\alial\AppData\Local\MiKTeX\fonts/pk/ljfour/jknappen/ec/dpi600\ecti
1095.pk> <C:\Users\alial\AppData\Local\MiKTeX\fonts/pk/ljfour/jknappen/ec/dpi60
0\ecbx0800.pk> <C:\Users\alial\AppData\Local\MiKTeX\fonts/pk/ljfour/jknappen/ec
/dpi600\ecrm0600.pk> <C:\Users\alial\AppData\Local\MiKTeX\fonts/pk/ljfour/jknap
pen/ec/dpi600\tcrm1200.pk> <C:\Users\alial\AppData\Local\MiKTeX\fonts/pk/ljfour
/jknappen/ec/dpi600\ectt1200.pk> <C:\Users\alial\AppData\Local\MiKTeX\fonts/pk/
ljfour/jknappen/ec/dpi600\ecrm1000.pk> <C:\Users\alial\AppData\Local\MiKTeX\fon
ts/pk/ljfour/jknappen/ec/dpi600\ecbx1000.pk> <C:\Users\alial\AppData\Local\MiKT
eX\fonts/pk/ljfour/jknappen/ec/dpi600\ecbx1440.pk> <C:\Users\alial\AppData\Loca
l\MiKTeX\fonts/pk/ljfour/jknappen/ec/dpi600\ecbx1095.pk> <C:\Users\alial\AppDat
a\Local\MiKTeX\fonts/pk/ljfour/jknappen/ec/dpi600\ecrm0800.pk> <C:\Users\alial\
AppData\Local\MiKTeX\fonts/pk/ljfour/jknappen/ec/dpi600\ecrm1095.pk> <C:\Users\
alial\AppData\Local\MiKTeX\fonts/pk/ljfour/jknappen/ec/dpi600\eccc1200.pk> <C:\
Users\alial\AppData\Local\MiKTeX\fonts/pk/ljfour/jknappen/ec/dpi600\ecti1200.pk
> <C:\Users\alial\AppData\Local\MiKTeX\fonts/pk/ljfour/jknappen/ec/dpi600\ecrm1
200.pk> <C:\Users\alial\AppData\Local\MiKTeX\fonts/pk/ljfour/jknappen/ec/dpi600
\ecbx1200.pk> <C:\Users\alial\AppData\Local\MiKTeX\fonts/pk/ljfour/jknappen/ec/
dpi600\ecrm1728.pk> <C:\Users\alial\AppData\Local\MiKTeX\fonts/pk/ljfour/jknapp
en/ec/dpi600\ecbx2488.pk> <C:\Users\alial\AppData\Local\MiKTeX\fonts/pk/ljfour/
jknappen/ec/dpi600\ecrm1440.pk> <C:\Users\alial\AppData\Local\MiKTeX\fonts/pk/l
jfour/jknappen/ec/dpi600\ecbx1728.pk><D:/Ali/Extra Jobs/MikTex/fonts/type1/publ
ic/amsfonts/cm/cmbx10.pfb><D:/Ali/Extra Jobs/MikTex/fonts/type1/public/amsfonts
/cm/cmbx12.pfb><D:/Ali/Extra Jobs/MikTex/fonts/type1/public/amsfonts/cm/cmbx8.p
fb><D:/Ali/Extra Jobs/MikTex/fonts/type1/public/amsfonts/cm/cmex10.pfb><D:/Ali/
Extra Jobs/MikTex/fonts/type1/public/amsfonts/cm/cmmi10.pfb><D:/Ali/Extra Jobs/
MikTex/fonts/type1/public/amsfonts/cm/cmmi12.pfb><D:/Ali/Extra Jobs/MikTex/font
s/type1/public/amsfonts/cm/cmmi6.pfb><D:/Ali/Extra Jobs/MikTex/fonts/type1/publ
ic/amsfonts/cm/cmmi7.pfb><D:/Ali/Extra Jobs/MikTex/fonts/type1/public/amsfonts/
cm/cmmi8.pfb><D:/Ali/Extra Jobs/MikTex/fonts/type1/public/amsfonts/cm/cmmib10.p
fb><D:/Ali/Extra Jobs/MikTex/fonts/type1/public/amsfonts/cm/cmr10.pfb><D:/Ali/E
xtra Jobs/MikTex/fonts/type1/public/amsfonts/cm/cmr12.pfb><D:/Ali/Extra Jobs/Mi
kTex/fonts/type1/public/amsfonts/cm/cmr6.pfb><D:/Ali/Extra Jobs/MikTex/fonts/ty
pe1/public/amsfonts/cm/cmr8.pfb><D:/Ali/Extra Jobs/MikTex/fonts/type1/public/am
sfonts/cm/cmsy10.pfb><D:/Ali/Extra Jobs/MikTex/fonts/type1/public/amsfonts/cm/c
msy8.pfb><D:/Ali/Extra Jobs/MikTex/fonts/type1/public/amsfonts/symbols/msbm10.p
fb>
Output written on main.pdf (201 pages, 9616835 bytes).
PDF statistics:
 3890 PDF objects out of 4296 (max. 8388607)
 816 named destinations out of 1000 (max. 500000)
 1548 words of extra memory for PDF output out of 10000 (max. 10000000)

